ds,store_nbr,family,yhat
2017-08-10,42,BEAUTY,5.730927108478491
2017-08-08,42,DAIRY,793.1361741928044
2017-08-03,34,PET SUPPLIES,2.9157054600657397
2017-08-11,12,LAWN AND GARDEN,0.0093016056184319
2017-08-05,46,DAIRY,2213.529086523536
2017-08-11,38,PREPARED FOODS,83.55160553621748
2017-08-07,47,BEAUTY,23.718157200561635
2017-08-11,24,CELEBRATION,16.83115437806003
2017-08-15,15,MAGAZINES,1.8768822538896408
2017-08-02,31,HOME AND KITCHEN I,26.589270087568543
2017-08-13,15,GROCERY I,2343.9958277883093
2017-08-08,17,POULTRY,347.3375964304215
2017-08-03,6,BEVERAGES,2897.824715165401
2017-08-12,4,BABY CARE,0.0407079442326885
2017-08-11,37,CELEBRATION,7.070786359005814
2017-08-06,7,CLEANING,905.0594656759324
2017-08-10,1,LAWN AND GARDEN,15.112041921771858
2017-08-03,49,PREPARED FOODS,170.72224885578788
2017-08-11,28,BABY CARE,0.0
2017-08-03,19,BEVERAGES,2485.906367806001
2017-08-05,28,PRODUCE,1625.397227257602
2017-08-04,6,PRODUCE,2226.2050599983204
2017-08-12,24,GROCERY II,35.169673065924314
2017-08-05,8,BEVERAGES,6113.903066729156
2017-08-14,22,PET SUPPLIES,1.2622639036822336
2017-08-06,37,PREPARED FOODS,45.75178288628709
2017-08-15,9,SCHOOL AND OFFICE SUPPLIES,140.95933636542296
2017-08-06,31,LADIESWEAR,1.7776583570119748
2017-08-02,50,EGGS,108.02255636755
2017-08-06,4,HOME APPLIANCES,0.0677407553376016
2017-08-13,22,BOOKS,0.0
2017-08-11,24,PERSONAL CARE,251.22274407070452
2017-08-03,9,LADIESWEAR,4.617845907044292
2017-08-04,45,LADIESWEAR,28.533043213842728
2017-08-15,23,BREAD/BAKERY,256.4898031201823
2017-08-09,24,PREPARED FOODS,126.9862243744642
2017-08-03,1,MAGAZINES,5.376910684285008
2017-08-10,1,DAIRY,640.9527778266337
2017-08-14,5,PERSONAL CARE,216.6427837296894
2017-08-12,28,BABY CARE,0.0257294468538659
2017-08-05,47,BABY CARE,0.0
2017-08-12,35,AUTOMOTIVE,5.400790341604132
2017-08-07,10,SEAFOOD,1.712655754797748
2017-08-05,27,SEAFOOD,19.07754955764205
2017-08-03,23,CELEBRATION,12.218257891830934
2017-08-12,35,CELEBRATION,1.946749776845772
2017-08-06,6,BOOKS,0.0
2017-08-05,36,HARDWARE,0.0859785563851374
2017-08-03,16,PERSONAL CARE,134.26889747274888
2017-08-10,37,GROCERY I,3342.4683811333084
2017-08-13,5,BEVERAGES,1905.119675060072
2017-08-11,2,HARDWARE,1.5432332193600415
2017-08-03,45,BREAD/BAKERY,1042.2376483596315
2017-08-03,32,LINGERIE,0.41135631831941
2017-08-08,44,PET SUPPLIES,35.06925661855331
2017-08-09,5,GROCERY II,26.25264088205052
2017-08-15,42,BABY CARE,0.0104259773520354
2017-08-07,38,BREAD/BAKERY,469.1862874765592
2017-08-14,39,HOME AND KITCHEN I,24.7891058571258
2017-08-08,25,PLAYERS AND ELECTRONICS,6.969459102083491
2017-08-11,42,HOME AND KITCHEN I,16.079741650520244
2017-08-12,33,EGGS,157.65916643418174
2017-08-07,34,CLEANING,881.2851389142194
2017-08-05,6,GROCERY I,5845.610527048441
2017-08-13,24,GROCERY I,3633.151418222577
2017-08-07,44,BOOKS,0.1030833542790129
2017-08-09,26,SCHOOL AND OFFICE SUPPLIES,0.0
2017-08-14,51,PERSONAL CARE,283.4806190119932
2017-08-10,5,PERSONAL CARE,202.89048219363377
2017-08-08,18,MAGAZINES,1.7513805119569177
2017-08-07,29,LINGERIE,4.339803172640462
2017-08-13,8,BABY CARE,0.8684548547014196
2017-08-02,41,MAGAZINES,8.062406738981009
2017-08-08,26,GROCERY II,7.431130960103314
2017-08-11,6,BABY CARE,0.0
2017-08-13,5,PREPARED FOODS,68.22348393680986
2017-08-02,24,SEAFOOD,27.602398058342157
2017-08-02,26,HOME CARE,133.33349862532253
2017-08-08,29,BOOKS,0.0
2017-08-08,22,BEVERAGES,1749.5886431417669
2017-08-06,6,"LIQUOR,WINE,BEER",21.68059034387741
2017-08-11,31,SEAFOOD,2.948527249682693
2017-08-08,5,BEVERAGES,1654.0752602216012
2017-08-13,27,CLEANING,1091.7363172608518
2017-08-08,20,PET SUPPLIES,3.962802981710202
2017-08-07,9,HOME AND KITCHEN II,50.367254813169865
2017-08-13,13,HARDWARE,0.3630451318036443
2017-08-12,31,HOME APPLIANCES,0.0045208177250888
2017-08-14,17,FROZEN FOODS,78.22429905127689
2017-08-15,34,MAGAZINES,2.344475985145676
2017-08-14,6,MAGAZINES,6.618842595780415
2017-08-14,23,GROCERY I,2116.386321888175
2017-08-10,15,PERSONAL CARE,174.6201876753412
2017-08-02,38,HOME AND KITCHEN I,42.63882970063422
2017-08-07,14,PET SUPPLIES,0.6608533839099793
2017-08-12,4,PERSONAL CARE,270.31962221069267
2017-08-03,38,CLEANING,1209.1376573587188
2017-08-08,6,GROCERY I,4228.067663464547
2017-08-07,33,PERSONAL CARE,239.08355261702172
2017-08-13,40,PERSONAL CARE,294.07234444958
2017-08-06,52,PERSONAL CARE,488.7152186598827
2017-08-04,47,BREAD/BAKERY,1176.513686442472
2017-08-06,14,GROCERY I,2862.5628309874787
2017-08-13,34,DAIRY,685.6121749359825
2017-08-02,31,CLEANING,1865.086355318977
2017-08-10,19,BOOKS,0.0
2017-08-13,4,HARDWARE,1.1029480616818506
2017-08-05,5,PRODUCE,1643.8540348195584
2017-08-10,21,POULTRY,128.21547164991756
2017-08-11,48,AUTOMOTIVE,13.24065117332952
2017-08-11,28,SEAFOOD,4.798501306015753
2017-08-15,13,MAGAZINES,0.9782181979467696
2017-08-13,16,BEAUTY,1.1267321365372425
2017-08-08,22,HARDWARE,1.2750295431701395
2017-08-09,4,LAWN AND GARDEN,26.19910950889313
2017-08-11,30,BEAUTY,1.0532605001093187
2017-08-14,7,GROCERY I,4054.4150928997065
2017-08-12,9,DELI,573.772021869447
2017-08-15,12,HOME CARE,138.90338684611118
2017-08-04,37,DAIRY,919.4947889576396
2017-08-09,45,DAIRY,2055.244611520045
2017-08-12,31,EGGS,276.3775413791458
2017-08-03,6,MEATS,363.62133535352245
2017-08-15,2,POULTRY,368.9855209921504
2017-08-07,31,CELEBRATION,7.366459563144808
2017-08-12,19,MEATS,207.1719726095898
2017-08-15,7,"LIQUOR,WINE,BEER",130.94920079635048
2017-08-12,28,BEVERAGES,4008.2355615388583
2017-08-11,21,HARDWARE,0.6516482701254749
2017-08-05,45,DAIRY,2854.032472145338
2017-08-15,22,BEVERAGES,1770.540010068216
2017-08-06,41,AUTOMOTIVE,14.71577669085133
2017-08-03,36,DAIRY,531.1396430593192
2017-08-07,53,LINGERIE,8.10496819067161
2017-08-09,14,CLEANING,1222.8799940837732
2017-08-07,1,PET SUPPLIES,3.829003875884261
2017-08-15,25,EGGS,103.64799213771194
2017-08-07,51,PREPARED FOODS,115.64070067846006
2017-08-15,47,PREPARED FOODS,183.53948608436863
2017-08-06,5,LAWN AND GARDEN,10.460937304604828
2017-08-15,4,BEAUTY,6.625947122949119
2017-08-14,8,EGGS,296.37533081205487
2017-08-05,12,EGGS,86.65646342336838
2017-08-13,28,HOME AND KITCHEN I,29.27006404402508
2017-08-05,36,PREPARED FOODS,54.806724915646086
2017-08-07,46,BREAD/BAKERY,964.7957866497784
2017-08-04,17,HARDWARE,2.80441982606264
2017-08-12,47,PRODUCE,5627.302365564779
2017-08-03,30,GROCERY I,2148.710899302148
2017-08-14,2,CLEANING,733.2948291381105
2017-08-08,38,HOME AND KITCHEN II,66.65430326011727
2017-08-04,54,PLAYERS AND ELECTRONICS,2.762521207347259
2017-08-04,28,EGGS,193.5362633683449
2017-08-13,14,CLEANING,657.1282231171699
2017-08-06,4,CLEANING,1102.4554487641906
2017-08-06,34,DAIRY,754.6420911395717
2017-08-07,24,GROCERY II,48.38732875101843
2017-08-02,39,PRODUCE,1506.1050920353864
2017-08-14,26,MAGAZINES,0.3308996013277936
2017-08-08,42,MEATS,210.48835010285825
2017-08-14,7,PLAYERS AND ELECTRONICS,14.315080688233376
2017-08-03,44,PET SUPPLIES,36.71738185906839
2017-08-15,25,CLEANING,352.1099938673637
2017-08-06,50,MEATS,571.2509974181256
2017-08-08,28,HOME AND KITCHEN II,17.183745941719124
2017-08-12,39,PLAYERS AND ELECTRONICS,13.206989289982122
2017-08-15,8,PERSONAL CARE,304.6022807201086
2017-08-03,31,MAGAZINES,1.0730879587824622
2017-08-14,9,FROZEN FOODS,20.71649198351236
2017-08-15,12,HARDWARE,0.1747303372043976
2017-08-04,33,LINGERIE,12.143591453992228
2017-08-05,54,BEVERAGES,3199.1662150625743
2017-08-03,53,HOME AND KITCHEN I,29.785502449919537
2017-08-08,35,BEVERAGES,1406.2079335170074
2017-08-08,48,GROCERY II,39.70736800829624
2017-08-14,27,AUTOMOTIVE,6.955544851121199
2017-08-10,39,HARDWARE,2.538180465188563
2017-08-05,3,GROCERY II,97.47823835207254
2017-08-10,9,MAGAZINES,2.257717040566316
2017-08-03,50,HOME AND KITCHEN I,56.39556678044092
2017-08-05,28,LADIESWEAR,0.0
2017-08-05,47,GROCERY II,76.54420670178814
2017-08-08,46,PERSONAL CARE,698.1831618250648
2017-08-04,7,EGGS,292.2202442740521
2017-08-04,1,DELI,170.4151470664878
2017-08-10,13,GROCERY I,2422.5075304959
2017-08-06,30,HOME CARE,174.00517903732668
2017-08-05,40,MAGAZINES,2.3523876184184638
2017-08-15,46,PERSONAL CARE,641.3261338810129
2017-08-06,49,EGGS,626.5079378192515
2017-08-07,36,MEATS,247.88151462813815
2017-08-03,49,DAIRY,1813.46278149652
2017-08-07,8,SCHOOL AND OFFICE SUPPLIES,0.7558077389335967
2017-08-15,42,BEVERAGES,2129.0365480253718
2017-08-14,24,BEVERAGES,2950.05377162988
2017-08-12,37,BOOKS,0.0
2017-08-14,21,BEVERAGES,3151.4687008483647
2017-08-06,31,GROCERY II,18.507869817533543
2017-08-11,25,"LIQUOR,WINE,BEER",726.8325069271834
2017-08-11,42,MEATS,278.41351438293657
2017-08-05,40,FROZEN FOODS,88.52035481553936
2017-08-13,39,PRODUCE,1313.1228674419451
2017-08-15,25,DELI,131.2927024440115
2017-08-04,28,PERSONAL CARE,310.19167221911283
2017-08-08,30,HARDWARE,0.0
2017-08-05,19,MEATS,237.1041202657188
2017-08-07,24,DELI,275.51583646671656
2017-08-14,2,GROCERY II,26.536449900363984
2017-08-14,1,BEVERAGES,1938.3485647161724
2017-08-08,39,PLAYERS AND ELECTRONICS,10.242770735222932
2017-08-03,23,PRODUCE,1068.2392637196378
2017-08-11,7,LADIESWEAR,12.789244956255793
2017-08-09,49,"LIQUOR,WINE,BEER",199.0694611943692
2017-08-09,43,HARDWARE,0.1054030242879097
2017-08-09,29,SCHOOL AND OFFICE SUPPLIES,2.27035326870827
2017-08-08,43,BREAD/BAKERY,624.9513932760348
2017-08-03,10,HOME CARE,177.05403124107622
2017-08-06,14,CLEANING,1548.5986536772607
2017-08-13,27,HOME CARE,239.38256055390303
2017-08-13,4,AUTOMOTIVE,5.612547735379982
2017-08-05,40,GROCERY II,15.52177096929519
2017-08-10,8,HOME APPLIANCES,0.0
2017-08-02,42,HOME CARE,226.29734916797472
2017-08-07,31,SCHOOL AND OFFICE SUPPLIES,6.300536451832516
2017-08-06,29,CELEBRATION,13.434322316815468
2017-08-07,24,"LIQUOR,WINE,BEER",58.6678092708686
2017-08-10,15,BEVERAGES,1660.3591138463937
2017-08-10,25,MEATS,189.8560452921076
2017-08-09,33,FROZEN FOODS,65.86475475737633
2017-08-05,46,HOME AND KITCHEN I,46.60771137003847
2017-08-04,54,DAIRY,232.7988439119439
2017-08-11,13,BREAD/BAKERY,80.84909409250368
2017-08-03,32,BOOKS,0.0
2017-08-07,32,SCHOOL AND OFFICE SUPPLIES,0.4155199963488319
2017-08-14,47,DELI,598.0891964088772
2017-08-10,10,POULTRY,118.59903275870109
2017-08-12,47,GROCERY II,47.32957426090629
2017-08-13,48,"LIQUOR,WINE,BEER",11.031241204762452
2017-08-10,21,HOME AND KITCHEN II,25.710560950437348
2017-08-03,33,LADIESWEAR,0.0
2017-08-08,23,GROCERY I,1913.183190782218
2017-08-08,23,HARDWARE,0.8172374871088726
2017-08-15,35,BABY CARE,0.0
2017-08-07,19,HOME AND KITCHEN I,7.16391983843494
2017-08-04,48,PET SUPPLIES,14.869625693968906
2017-08-06,24,"LIQUOR,WINE,BEER",4.034308615365916
2017-08-09,17,PLAYERS AND ELECTRONICS,7.951660685217734
2017-08-09,13,FROZEN FOODS,20.231607716777912
2017-08-09,33,PRODUCE,1162.359390874382
2017-08-07,9,POULTRY,476.1921662321126
2017-08-10,40,HOME APPLIANCES,0.3070489256580053
2017-08-13,13,PLAYERS AND ELECTRONICS,5.521600000859868
2017-08-11,28,HARDWARE,0.599495564429034
2017-08-10,1,LINGERIE,12.125464607249574
2017-08-06,47,HOME APPLIANCES,2.078677250584243
2017-08-12,12,LINGERIE,7.678246416724266
2017-08-12,21,SCHOOL AND OFFICE SUPPLIES,0.2289968659790662
2017-08-07,35,DELI,97.96248515744242
2017-08-10,37,MEATS,228.7876724097777
2017-08-15,34,DAIRY,535.737818109831
2017-08-14,10,DAIRY,293.7831319922453
2017-08-03,24,BOOKS,0.0
2017-08-15,37,PERSONAL CARE,232.22167322696447
2017-08-07,48,HOME CARE,715.7135597734392
2017-08-12,10,GROCERY II,6.338631728778838
2017-08-11,47,MAGAZINES,18.78863922796881
2017-08-08,16,GROCERY II,3.334964015292309
2017-08-06,6,MAGAZINES,9.18986053905116
2017-08-08,5,MEATS,216.60385551685007
2017-08-12,4,BREAD/BAKERY,372.5935155539404
2017-08-08,52,LAWN AND GARDEN,52.65762433751503
2017-08-11,5,GROCERY I,2690.433625871964
2017-08-08,20,AUTOMOTIVE,6.574510969918871
2017-08-09,19,FROZEN FOODS,39.66472379516278
2017-08-04,5,HOME APPLIANCES,0.0304438998880328
2017-08-02,51,PET SUPPLIES,25.512284101844955
2017-08-08,41,CELEBRATION,13.046288566386838
2017-08-07,13,GROCERY II,14.983497728132765
2017-08-03,48,DELI,608.767733638017
2017-08-12,20,MAGAZINES,1.795898149213678
2017-08-09,38,SCHOOL AND OFFICE SUPPLIES,1.3631049307215273
2017-08-05,2,DAIRY,1005.1085754499408
2017-08-12,49,BABY CARE,0.0
2017-08-13,14,LAWN AND GARDEN,0.0
2017-08-04,30,LAWN AND GARDEN,0.0
2017-08-06,33,EGGS,168.77369387374978
2017-08-12,1,EGGS,135.37421959939635
2017-08-06,36,FROZEN FOODS,60.56425915602098
2017-08-05,43,POULTRY,284.7862525278549
2017-08-12,27,CELEBRATION,25.00885715102726
2017-08-07,3,LADIESWEAR,41.28373907061862
2017-08-06,13,EGGS,79.33847859991623
2017-08-09,3,HOME APPLIANCES,0.1436433835360098
2017-08-08,36,LADIESWEAR,0.0
2017-08-12,20,BEVERAGES,4851.486420978901
2017-08-09,48,PREPARED FOODS,64.41410013144977
2017-08-02,44,PLAYERS AND ELECTRONICS,42.43080986714113
2017-08-03,22,SCHOOL AND OFFICE SUPPLIES,0.0903109033950275
2017-08-04,53,GROCERY II,23.423642630771617
2017-08-07,53,EGGS,93.54257450051514
2017-08-05,49,POULTRY,1149.0143378296923
2017-08-14,5,CLEANING,771.5401658617795
2017-08-05,22,GROCERY II,8.18022581435247
2017-08-04,45,HOME AND KITCHEN I,73.16662557113902
2017-08-14,52,GROCERY II,39.23837811315311
2017-08-15,37,AUTOMOTIVE,4.146156981615801
2017-08-13,29,EGGS,289.98022459826353
2017-08-09,41,HOME AND KITCHEN II,44.29616633445218
2017-08-13,42,POULTRY,203.6576536956715
2017-08-09,37,SEAFOOD,12.341506943830192
2017-08-03,51,MAGAZINES,8.5483986245974
2017-08-04,47,BEAUTY,22.926324911419304
2017-08-10,54,GROCERY II,18.7749270479843
2017-08-05,23,EGGS,50.63747394084413
2017-08-03,50,BABY CARE,0.0
2017-08-03,10,BOOKS,0.0
2017-08-09,32,AUTOMOTIVE,1.1030369918193843
2017-08-08,38,PREPARED FOODS,59.05001598632264
2017-08-13,23,BREAD/BAKERY,296.5895588430104
2017-08-04,33,AUTOMOTIVE,9.16676263726342
2017-08-10,45,CLEANING,1946.708783664889
2017-08-08,5,HOME CARE,171.30349460409423
2017-08-14,23,POULTRY,289.78749266316805
2017-08-04,31,EGGS,326.96478448972255
2017-08-09,37,"LIQUOR,WINE,BEER",98.63727872795472
2017-08-11,8,FROZEN FOODS,88.25719915773212
2017-08-13,27,CELEBRATION,17.363903555433183
2017-08-06,35,PLAYERS AND ELECTRONICS,1.5023019494956746
2017-08-14,11,DAIRY,569.9508715731829
2017-08-08,30,DELI,115.49094307983684
2017-08-14,22,DELI,166.9925272125401
2017-08-05,24,HARDWARE,0.9397701834623732
2017-08-11,7,DELI,178.11247936206013
2017-08-15,35,EGGS,117.42114512367203
2017-08-03,28,PLAYERS AND ELECTRONICS,4.05360406194291
2017-08-02,50,"LIQUOR,WINE,BEER",159.18303081300786
2017-08-12,41,BABY CARE,0.0286885141481883
2017-08-04,24,HOME APPLIANCES,0.0417289461733453
2017-08-10,19,DELI,261.38486852442725
2017-08-12,38,SEAFOOD,21.84661961063356
2017-08-15,52,BABY CARE,0.0
2017-08-03,1,PREPARED FOODS,70.48234833224278
2017-08-09,6,LADIESWEAR,20.16213574314578
2017-08-15,18,BREAD/BAKERY,576.6893743067333
2017-08-14,25,PREPARED FOODS,40.28130409676608
2017-08-13,5,GROCERY I,3467.8660244571806
2017-08-09,46,PLAYERS AND ELECTRONICS,42.65551910848672
2017-08-02,53,PET SUPPLIES,7.496542806190565
2017-08-03,18,SEAFOOD,13.823870220440998
2017-08-14,47,SCHOOL AND OFFICE SUPPLIES,384.02409746621913
2017-08-10,13,LAWN AND GARDEN,0.0
2017-08-13,40,SEAFOOD,4.547825957123745
2017-08-03,30,"LIQUOR,WINE,BEER",29.11780509484924
2017-08-14,45,BABY CARE,0.0
2017-08-09,14,CELEBRATION,8.765873585053404
2017-08-07,27,BEAUTY,4.445138318678238
2017-08-10,37,LAWN AND GARDEN,19.623505337414056
2017-08-10,38,SEAFOOD,14.846766780204016
2017-08-08,5,MAGAZINES,7.313540429595081
2017-08-03,15,"LIQUOR,WINE,BEER",26.61172954210977
2017-08-08,52,LADIESWEAR,8.309581249692824
2017-08-13,11,GROCERY I,7485.479929671506
2017-08-11,52,BEAUTY,12.244445606643884
2017-08-15,22,PERSONAL CARE,169.45953527909154
2017-08-10,3,BREAD/BAKERY,1000.651370973453
2017-08-07,17,LINGERIE,12.662241036596187
2017-08-07,36,HOME AND KITCHEN II,15.07009705406672
2017-08-02,9,MEATS,371.1049043200897
2017-08-11,28,HOME AND KITCHEN I,29.968137848367363
2017-08-15,16,DAIRY,249.80212582459865
2017-08-15,46,MAGAZINES,15.8160354970927
2017-08-10,23,HOME CARE,99.56450202072418
2017-08-15,39,BABY CARE,0.3768935388819018
2017-08-03,34,DELI,227.85122848873064
2017-08-11,23,LAWN AND GARDEN,5.593132921330325
2017-08-15,12,SEAFOOD,1.781228801622957
2017-08-15,49,CELEBRATION,23.92299233109581
2017-08-09,10,AUTOMOTIVE,2.34811425237384
2017-08-04,32,PET SUPPLIES,0.6655385952624917
2017-08-15,36,DAIRY,650.0789971397402
2017-08-11,36,BABY CARE,0.0004367963211435
2017-08-15,51,GROCERY II,58.28818953405517
2017-08-15,23,MAGAZINES,5.360675965960256
2017-08-05,12,POULTRY,162.25090734519185
2017-08-05,42,PRODUCE,2767.19361154711
2017-08-08,42,EGGS,126.80407474720413
2017-08-09,7,GROCERY I,4005.765881341496
2017-08-10,2,PREPARED FOODS,85.11385536604851
2017-08-04,13,CLEANING,1344.5829892658728
2017-08-06,48,PRODUCE,3223.519318082419
2017-08-12,6,BEAUTY,8.08767625675783
2017-08-02,20,EGGS,77.96839543861508
2017-08-05,16,BABY CARE,0.3042798330050356
2017-08-06,7,HOME AND KITCHEN II,26.86343088047872
2017-08-02,43,BABY CARE,0.3463400726308336
2017-08-15,15,PRODUCE,979.9244766470862
2017-08-03,10,HARDWARE,0.5091315698062795
2017-08-11,10,HOME CARE,130.24999748520253
2017-08-02,36,POULTRY,108.21280847415504
2017-08-15,54,GROCERY I,3385.4523250621687
2017-08-13,54,POULTRY,77.83161241237529
2017-08-02,44,GROCERY I,10746.219264374708
2017-08-07,11,LADIESWEAR,7.053949181776611
2017-08-11,13,BEVERAGES,1597.4393332495124
2017-08-06,40,CELEBRATION,3.17084398446236
2017-08-10,44,HOME APPLIANCES,0.0
2017-08-09,41,GROCERY II,34.57542751271507
2017-08-14,26,AUTOMOTIVE,2.712976107311551
2017-08-14,32,FROZEN FOODS,11.323826531072974
2017-08-11,13,DAIRY,211.91705174493828
2017-08-12,29,EGGS,203.686807948503
2017-08-10,15,MEATS,153.4838271359043
2017-08-03,29,BABY CARE,0.7986221391320104
2017-08-07,32,GROCERY II,0.8337133535041836
2017-08-15,2,DELI,174.91618396644958
2017-08-15,42,DELI,141.52753072748234
2017-08-06,31,PREPARED FOODS,93.28481048378136
2017-08-03,20,LADIESWEAR,0.5185173148467159
2017-08-09,28,PERSONAL CARE,224.63553177694595
2017-08-02,7,"LIQUOR,WINE,BEER",155.14511040433146
2017-08-11,46,FROZEN FOODS,343.89733037147664
2017-08-15,32,BEVERAGES,1093.2018531832834
2017-08-04,48,EGGS,110.72926465072254
2017-08-08,22,HOME CARE,156.69017166265445
2017-08-02,52,MEATS,476.625250750382
2017-08-11,14,HARDWARE,0.0
2017-08-05,47,DELI,882.7483457661589
2017-08-15,51,SEAFOOD,38.42353999152255
2017-08-07,46,EGGS,153.20101982862855
2017-08-05,2,HOME APPLIANCES,0.2182461279209773
2017-08-11,35,CELEBRATION,3.450505509597832
2017-08-04,33,EGGS,92.19459582456854
2017-08-02,46,CELEBRATION,14.393432655531855
2017-08-08,35,DAIRY,164.93929661828565
2017-08-06,40,BABY CARE,0.2147978664765242
2017-08-03,2,MAGAZINES,6.810053678475953
2017-08-03,11,LINGERIE,11.512615644435286
2017-08-12,39,PET SUPPLIES,7.9010755948237295
2017-08-15,30,BREAD/BAKERY,182.37632270518293
2017-08-05,10,PREPARED FOODS,38.32750917216142
2017-08-06,25,MEATS,161.1636951505811
2017-08-10,3,LADIESWEAR,29.890998834109727
2017-08-12,18,MEATS,94.45290639044644
2017-08-11,26,SCHOOL AND OFFICE SUPPLIES,0.9280779734240638
2017-08-08,31,DAIRY,710.9938938101674
2017-08-13,22,AUTOMOTIVE,5.201814740515967
2017-08-04,21,PET SUPPLIES,1.3873241622172643
2017-08-14,26,HOME CARE,50.54506407763647
2017-08-07,11,HOME AND KITCHEN I,20.294577370364443
2017-08-15,24,LADIESWEAR,8.703523460181223
2017-08-06,28,GROCERY I,7930.818445112921
2017-08-09,37,HOME CARE,199.1397251486926
2017-08-10,13,EGGS,40.20180645479908
2017-08-07,17,BEVERAGES,3211.095681765252
2017-08-05,45,MEATS,1547.1270277215422
2017-08-09,35,GROCERY I,1588.802111126699
2017-08-02,36,GROCERY II,11.185272638003852
2017-08-13,45,BEAUTY,19.46738979223779
2017-08-10,10,BREAD/BAKERY,91.58312880008864
2017-08-03,26,LINGERIE,0.5348307936812766
2017-08-15,52,LINGERIE,8.84404653920667
2017-08-02,7,PRODUCE,7418.763834210418
2017-08-08,33,PERSONAL CARE,185.9576456035668
2017-08-10,41,BREAD/BAKERY,420.970280918874
2017-08-05,41,BOOKS,0.0198090306571762
2017-08-03,10,EGGS,47.600098690534566
2017-08-14,25,MEATS,184.2917676229228
2017-08-02,2,HOME APPLIANCES,0.4978516097373356
2017-08-08,53,MAGAZINES,2.696109574718011
2017-08-05,48,BREAD/BAKERY,1133.6484863735202
2017-08-14,30,BEVERAGES,1311.6060698929327
2017-08-11,7,HOME CARE,176.42170837239448
2017-08-10,18,PRODUCE,1251.5003239729467
2017-08-04,4,CLEANING,859.9911682369191
2017-08-05,35,HOME AND KITCHEN I,13.550585960842422
2017-08-02,53,BOOKS,0.0
2017-08-11,18,LINGERIE,9.156679020476808
2017-08-05,30,PERSONAL CARE,108.08859244137152
2017-08-08,52,HOME AND KITCHEN II,43.19983890473042
2017-08-15,52,PERSONAL CARE,364.016104528679
2017-08-13,42,"LIQUOR,WINE,BEER",44.95865786530349
2017-08-03,45,POULTRY,1017.530380309454
2017-08-10,17,BREAD/BAKERY,249.45055113343557
2017-08-09,32,BABY CARE,0.0
2017-08-14,54,BOOKS,0.0
2017-08-07,53,MAGAZINES,2.716691355576132
2017-08-15,52,FROZEN FOODS,350.7522018230726
2017-08-10,30,BREAD/BAKERY,140.26918595271533
2017-08-14,51,PET SUPPLIES,21.178598887788443
2017-08-12,5,GROCERY I,2775.5691870402475
2017-08-06,26,HARDWARE,1.0155140852288045
2017-08-10,36,BREAD/BAKERY,467.34143620386646
2017-08-06,27,LADIESWEAR,13.648006582503324
2017-08-09,20,SEAFOOD,14.126922011194582
2017-08-05,15,CLEANING,1178.9408531492356
2017-08-07,41,POULTRY,197.18619465047695
2017-08-08,24,PERSONAL CARE,262.2223523875346
2017-08-02,39,DAIRY,631.6564602257448
2017-08-12,6,HOME AND KITCHEN I,26.18407086690237
2017-08-12,25,HOME AND KITCHEN II,24.075518681022714
2017-08-03,54,LINGERIE,4.573146139557364
2017-08-15,30,HOME AND KITCHEN II,7.667638643978094
2017-08-14,27,HOME APPLIANCES,0.1015829601232781
2017-08-10,11,PREPARED FOODS,90.10651826014488
2017-08-06,12,SEAFOOD,3.3073405803382063
2017-08-07,35,LADIESWEAR,0.0
2017-08-05,41,PERSONAL CARE,627.3687487357248
2017-08-15,42,GROCERY I,2786.8302350905915
2017-08-14,43,LADIESWEAR,0.0
2017-08-12,37,AUTOMOTIVE,4.1471812006625335
2017-08-08,19,GROCERY II,9.894689075794536
2017-08-02,43,EGGS,230.9703307278928
2017-08-02,54,SEAFOOD,3.1632000830036477
2017-08-03,15,BEVERAGES,1782.8993976267225
2017-08-10,29,PET SUPPLIES,5.163018328114936
2017-08-03,45,PRODUCE,5782.931414969254
2017-08-06,37,EGGS,129.55077316917652
2017-08-12,52,HARDWARE,5.691229169380137
2017-08-15,52,DAIRY,1140.5456491672755
2017-08-02,45,FROZEN FOODS,365.0377122149277
2017-08-07,38,DAIRY,695.2519074667339
2017-08-11,23,PERSONAL CARE,132.14203049371667
2017-08-11,40,SCHOOL AND OFFICE SUPPLIES,0.0
2017-08-07,2,CLEANING,847.8809014024625
2017-08-11,3,DAIRY,1901.9556939833285
2017-08-09,45,CLEANING,2171.141152315668
2017-08-02,32,HOME AND KITCHEN I,14.202247455664631
2017-08-04,26,HOME AND KITCHEN I,13.039612654534558
2017-08-10,37,MAGAZINES,10.34274441825846
2017-08-10,50,GROCERY II,68.5583045982992
2017-08-04,47,PET SUPPLIES,22.482424337861858
2017-08-15,45,CELEBRATION,21.219935391626983
2017-08-14,20,EGGS,154.5872874500056
2017-08-03,40,PLAYERS AND ELECTRONICS,11.70150550223106
2017-08-10,53,GROCERY II,18.19372277549099
2017-08-07,17,DELI,535.0890194345551
2017-08-11,29,DELI,335.1911698303923
2017-08-14,42,"LIQUOR,WINE,BEER",57.7701603941621
2017-08-08,14,HOME AND KITCHEN II,22.05351039609417
2017-08-09,15,HOME CARE,205.31180431121243
2017-08-06,13,"LIQUOR,WINE,BEER",5.799459959763723
2017-08-10,50,BEVERAGES,3474.633950202838
2017-08-10,29,BEVERAGES,2953.45402583003
2017-08-11,8,HOME AND KITCHEN II,42.56426897344194
2017-08-02,8,BEVERAGES,4607.956685791657
2017-08-14,20,DAIRY,773.4699218897431
2017-08-15,22,EGGS,46.07023492469949
2017-08-07,14,FROZEN FOODS,45.61334625822166
2017-08-10,28,BEVERAGES,2567.459997390862
2017-08-12,54,GROCERY I,3909.298944415543
2017-08-11,10,GROCERY II,6.383759356969349
2017-08-12,22,BEAUTY,2.341835136916428
2017-08-10,2,HOME CARE,187.07605294268987
2017-08-14,13,GROCERY II,9.661151257890412
2017-08-13,20,SCHOOL AND OFFICE SUPPLIES,66.0420090139727
2017-08-02,49,MEATS,706.361724576904
2017-08-06,40,HOME CARE,514.0492102003665
2017-08-12,2,MAGAZINES,12.85061580603313
2017-08-12,49,LINGERIE,10.863418443964136
2017-08-04,48,GROCERY I,8529.563475292867
2017-08-03,5,DELI,186.72610667533849
2017-08-14,25,DELI,149.1888287566524
2017-08-15,43,BOOKS,0.0
2017-08-13,22,FROZEN FOODS,45.384833260942045
2017-08-03,5,PLAYERS AND ELECTRONICS,6.24333099970759
2017-08-12,16,SEAFOOD,0.8928591280740843
2017-08-07,53,HOME CARE,212.6000599050986
2017-08-11,24,SEAFOOD,36.25605295805347
2017-08-15,22,DELI,155.42161288086243
2017-08-13,14,CELEBRATION,13.449274090641678
2017-08-12,48,MAGAZINES,10.512744131317
2017-08-09,45,HOME AND KITCHEN I,63.419970726714745
2017-08-02,22,DELI,156.6145796910945
2017-08-11,47,MEATS,1565.3233389331465
2017-08-12,17,PREPARED FOODS,72.09042645572183
2017-08-14,14,HOME APPLIANCES,0.005991804566143
2017-08-14,3,LAWN AND GARDEN,41.87893666945206
2017-08-05,10,"LIQUOR,WINE,BEER",35.94764981364969
2017-08-06,14,AUTOMOTIVE,4.6632437087398255
2017-08-08,6,PET SUPPLIES,9.463061975227486
2017-08-08,42,"LIQUOR,WINE,BEER",45.04226538953385
2017-08-09,47,BEAUTY,25.32280079190361
2017-08-08,47,DELI,559.594787219396
2017-08-09,31,HOME AND KITCHEN II,17.64600388181865
2017-08-03,7,SCHOOL AND OFFICE SUPPLIES,0.5523661049908162
2017-08-08,42,PRODUCE,2183.7702963250777
2017-08-07,35,LINGERIE,0.0
2017-08-11,14,PLAYERS AND ELECTRONICS,6.02351353291041
2017-08-12,53,POULTRY,216.39688296537597
2017-08-12,1,MEATS,241.60608081866545
2017-08-06,44,PET SUPPLIES,53.48504365701886
2017-08-15,6,BREAD/BAKERY,460.3460928619425
2017-08-03,17,DAIRY,614.0846213039192
2017-08-04,38,POULTRY,187.39042058081293
2017-08-10,43,EGGS,233.16572651954743
2017-08-02,36,CELEBRATION,7.883075603215543
2017-08-09,21,DAIRY,649.5235938513872
2017-08-04,38,HOME APPLIANCES,0.0
2017-08-08,48,POULTRY,760.5242828259379
2017-08-03,49,PET SUPPLIES,17.541731486747842
2017-08-08,54,BREAD/BAKERY,245.35592142175176
2017-08-03,50,DELI,431.11374064784513
2017-08-03,52,MEATS,380.4661989028084
2017-08-11,13,LAWN AND GARDEN,0.081722966317854
2017-08-10,15,CELEBRATION,2.058424720839516
2017-08-02,15,LADIESWEAR,7.142172341574916
2017-08-07,7,POULTRY,683.7982568762444
2017-08-14,49,LADIESWEAR,11.432548305741935
2017-08-09,11,LADIESWEAR,5.96669500534186
2017-08-10,33,DELI,153.0581144122836
2017-08-04,39,CELEBRATION,5.912822152917549
2017-08-14,3,GROCERY II,77.0682440648812
2017-08-12,44,LAWN AND GARDEN,39.7595021428327
2017-08-09,4,LINGERIE,3.2677516636658943
2017-08-14,39,HOME APPLIANCES,0.0440471764078915
2017-08-08,47,GROCERY I,8800.045305957814
2017-08-06,46,LAWN AND GARDEN,29.21096462441757
2017-08-13,37,EGGS,102.20176328638418
2017-08-02,47,PERSONAL CARE,831.6219203245712
2017-08-08,16,"LIQUOR,WINE,BEER",36.4220279067299
2017-08-08,26,BEAUTY,0.3661988230365357
2017-08-03,14,PERSONAL CARE,237.9171367141477
2017-08-13,44,BREAD/BAKERY,2084.74473496522
2017-08-10,17,PLAYERS AND ELECTRONICS,8.873396400350037
2017-08-09,9,EGGS,176.24692396183755
2017-08-14,26,LINGERIE,0.5172414734418145
2017-08-14,48,PRODUCE,1861.321789185224
2017-08-08,18,LAWN AND GARDEN,6.401382293319236
2017-08-14,9,BOOKS,0.0
2017-08-09,30,BEVERAGES,1375.3540900208582
2017-08-11,48,PRODUCE,1940.552812315487
2017-08-06,4,GROCERY II,30.757168392045024
2017-08-05,15,PLAYERS AND ELECTRONICS,6.097654566915404
2017-08-07,44,DELI,508.7675384038315
2017-08-15,48,BREAD/BAKERY,729.7878716910727
2017-08-11,51,GROCERY II,61.88522342422058
2017-08-15,35,"LIQUOR,WINE,BEER",32.82392308469456
2017-08-02,39,SEAFOOD,12.26198654049212
2017-08-04,48,CELEBRATION,15.92351276148916
2017-08-13,4,BREAD/BAKERY,502.7098226606233
2017-08-12,2,GROCERY II,31.38111196701085
2017-08-02,17,SCHOOL AND OFFICE SUPPLIES,0.5435798838728385
2017-08-14,18,PREPARED FOODS,52.3524203276988
2017-08-15,1,POULTRY,250.7332319349673
2017-08-08,18,LINGERIE,9.843448180509164
2017-08-06,4,BEVERAGES,3574.164925780311
2017-08-06,46,PRODUCE,4168.733352404229
2017-08-06,28,HOME APPLIANCES,1.1289615635697814
2017-08-09,13,BEVERAGES,1507.849007081357
2017-08-15,51,DELI,216.6249627170725
2017-08-15,44,PLAYERS AND ELECTRONICS,32.7429279081434
2017-08-11,52,LINGERIE,12.274542512280536
2017-08-03,17,SEAFOOD,13.8733753191411
2017-08-12,34,MAGAZINES,2.1767611172065937
2017-08-09,44,SEAFOOD,88.5298771235443
2017-08-05,18,BOOKS,0.0
2017-08-14,6,GROCERY I,4377.443544209813
2017-08-09,18,GROCERY I,2420.540955463979
2017-08-14,13,MAGAZINES,1.195458138007356
2017-08-10,20,AUTOMOTIVE,6.816693947356272
2017-08-05,2,PERSONAL CARE,329.8884456608155
2017-08-07,11,LINGERIE,9.702118092323804
2017-08-09,47,PET SUPPLIES,21.438427676509725
2017-08-02,18,PERSONAL CARE,144.54335559651446
2017-08-04,6,DELI,353.2737318011455
2017-08-04,40,BEVERAGES,5229.336653580764
2017-08-07,26,HOME AND KITCHEN II,7.313698488221265
2017-08-10,8,PET SUPPLIES,17.590328697354806
2017-08-15,45,LINGERIE,13.890278394511508
2017-08-11,20,HOME AND KITCHEN II,17.47470337284629
2017-08-12,39,FROZEN FOODS,42.80507613744224
2017-08-03,51,AUTOMOTIVE,7.71452030523168
2017-08-05,20,PET SUPPLIES,5.994471351132953
2017-08-14,8,SEAFOOD,27.73513873695774
2017-08-15,50,HOME AND KITCHEN II,37.06680873906714
2017-08-12,41,FROZEN FOODS,209.97245546046508
2017-08-07,54,PERSONAL CARE,205.7245888464184
2017-08-05,41,PREPARED FOODS,75.74985449561687
2017-08-13,30,LADIESWEAR,1.824144148927416
2017-08-12,18,DELI,234.36333939399728
2017-08-15,49,PLAYERS AND ELECTRONICS,31.82754969439941
2017-08-06,41,DELI,351.0775189021384
2017-08-09,22,DAIRY,349.7950461676518
2017-08-02,20,"LIQUOR,WINE,BEER",48.16864185419668
2017-08-09,24,GROCERY II,36.727618532249856
2017-08-11,21,HOME CARE,280.5506377208667
2017-08-06,5,SEAFOOD,11.27247909216799
2017-08-05,22,PET SUPPLIES,2.0143834718423275
2017-08-14,43,HARDWARE,0.2377896609197689
2017-08-15,29,DAIRY,816.9488263454427
2017-08-09,44,POULTRY,1030.563056722971
2017-08-05,4,HOME AND KITCHEN I,18.40592533688016
2017-08-04,51,HOME AND KITCHEN II,34.26211637512672
2017-08-02,19,POULTRY,87.65143045040045
2017-08-02,21,BOOKS,0.0
2017-08-05,53,BEVERAGES,2702.436743465244
2017-08-08,21,BEAUTY,4.829123006536484
2017-08-08,8,BREAD/BAKERY,726.0636764115557
2017-08-04,18,PET SUPPLIES,4.371316687454606
2017-08-05,7,MEATS,434.57018670283855
2017-08-07,36,"LIQUOR,WINE,BEER",12.513568649350276
2017-08-11,4,BEAUTY,9.409653384138045
2017-08-10,50,SEAFOOD,14.432237229301814
2017-08-11,1,MEATS,446.20759223651953
2017-08-12,29,BEAUTY,3.2506598397182445
2017-08-08,2,PERSONAL CARE,232.5336833465903
2017-08-06,18,"LIQUOR,WINE,BEER",23.01589491839181
2017-08-07,33,MEATS,229.05416431637545
2017-08-14,29,MEATS,108.13035615783738
2017-08-08,49,FROZEN FOODS,244.3714788142644
2017-08-05,11,FROZEN FOODS,123.96800017328896
2017-08-09,42,BEVERAGES,2423.630093013627
2017-08-12,17,AUTOMOTIVE,9.979150538590162
2017-08-15,7,PET SUPPLIES,5.7926178024462125
2017-08-14,51,DELI,224.08834230906808
2017-08-13,7,LADIESWEAR,14.738937271089648
2017-08-15,39,DELI,190.7904468337701
2017-08-02,4,BEVERAGES,2535.175578548887
2017-08-04,14,GROCERY I,2987.6840851480247
2017-08-15,12,MEATS,138.89451144917595
2017-08-06,9,BEVERAGES,5256.736004570352
2017-08-06,18,CLEANING,1029.77041603866
2017-08-11,20,BEVERAGES,4302.320416052897
2017-08-13,38,BREAD/BAKERY,582.8779452648342
2017-08-05,44,HOME CARE,908.7890347204404
2017-08-04,3,PLAYERS AND ELECTRONICS,21.73952656425609
2017-08-11,20,PET SUPPLIES,5.296250317393764
2017-08-05,38,HOME AND KITCHEN II,89.63339567532705
2017-08-04,17,LAWN AND GARDEN,0.0
2017-08-07,51,EGGS,356.61679159239685
2017-08-05,30,"LIQUOR,WINE,BEER",120.80526185840732
2017-08-15,18,PET SUPPLIES,3.505505303807757
2017-08-15,37,HARDWARE,1.8723342120172808
2017-08-02,1,PET SUPPLIES,4.006003149807916
2017-08-13,2,SCHOOL AND OFFICE SUPPLIES,0.2533695039131108
2017-08-06,41,MAGAZINES,19.86860759037833
2017-08-13,21,GROCERY II,23.189611839470665
2017-08-02,17,FROZEN FOODS,101.73873515265478
2017-08-09,53,POULTRY,179.3220054337163
2017-08-05,39,EGGS,409.5216809299256
2017-08-15,14,HOME CARE,162.47278485803568
2017-08-13,30,BEAUTY,0.5255194525909144
2017-08-15,36,BOOKS,0.0
2017-08-12,35,HOME AND KITCHEN II,7.922268455718173
2017-08-05,45,CLEANING,3613.165978960946
2017-08-04,53,SEAFOOD,6.0206195557698905
2017-08-11,2,BABY CARE,0.0089996368083834
2017-08-05,3,BEAUTY,20.18215368444141
2017-08-07,53,BOOKS,0.0
2017-08-10,35,HOME AND KITCHEN II,4.580640521352536
2017-08-02,28,AUTOMOTIVE,6.353188451871495
2017-08-03,12,BEAUTY,0.4712858420572744
2017-08-03,7,CELEBRATION,19.25505408648648
2017-08-07,44,HOME AND KITCHEN I,82.43094731103474
2017-08-14,36,BOOKS,0.0
2017-08-14,40,HARDWARE,2.173146110640916
2017-08-15,9,DAIRY,753.3855611166376
2017-08-04,27,MEATS,411.1462986086855
2017-08-04,49,LAWN AND GARDEN,36.366491625284894
2017-08-03,15,BEAUTY,3.8592848159499775
2017-08-03,17,PRODUCE,1162.4795554031864
2017-08-12,18,BABY CARE,0.3184216976188847
2017-08-07,49,PET SUPPLIES,17.360594618585445
2017-08-15,42,DAIRY,745.0846173355983
2017-08-09,42,HOME AND KITCHEN I,13.863330944305208
2017-08-07,15,CLEANING,1184.807346670854
2017-08-09,34,LADIESWEAR,0.7373676571256489
2017-08-10,13,DELI,133.93691497133605
2017-08-04,3,"LIQUOR,WINE,BEER",366.0817072033667
2017-08-15,38,DELI,127.20949630157
2017-08-04,6,CELEBRATION,15.99917705980778
2017-08-15,16,DELI,154.23156362357545
2017-08-13,4,BEAUTY,10.14392566322086
2017-08-02,51,"LIQUOR,WINE,BEER",143.2899341920956
2017-08-15,52,PRODUCE,4388.910641304919
2017-08-05,42,LAWN AND GARDEN,43.2555511083959
2017-08-08,52,PRODUCE,4114.3314180076
2017-08-04,30,FROZEN FOODS,45.76889569658121
2017-08-03,37,LADIESWEAR,20.35455429560709
2017-08-07,19,BREAD/BAKERY,207.4449429231496
2017-08-09,13,HOME AND KITCHEN I,6.77702782014144
2017-08-11,50,LADIESWEAR,17.403595676800194
2017-08-05,13,GROCERY II,19.646535102338284
2017-08-07,29,MEATS,124.64511493622815
2017-08-02,42,PLAYERS AND ELECTRONICS,9.726109731026472
2017-08-14,42,BOOKS,0.0
2017-08-04,3,SCHOOL AND OFFICE SUPPLIES,1.555184273080561
2017-08-03,4,PREPARED FOODS,33.18645408559644
2017-08-15,23,EGGS,43.575598767267245
2017-08-09,7,LADIESWEAR,11.099186420643017
2017-08-05,6,BOOKS,0.0228822673773072
2017-08-10,13,CLEANING,615.5609135167638
2017-08-07,20,CLEANING,1633.9625288215675
2017-08-09,6,EGGS,152.85840015328165
2017-08-11,41,DELI,239.991053070692
2017-08-03,35,HOME AND KITCHEN II,16.360212581252657
2017-08-10,2,HOME AND KITCHEN I,14.945818619873398
2017-08-15,8,POULTRY,484.1356625431516
2017-08-12,13,AUTOMOTIVE,7.372793453691438
2017-08-04,45,MAGAZINES,15.412950162637864
2017-08-14,12,PRODUCE,338.9470692502555
2017-08-13,54,BREAD/BAKERY,380.32229074616833
2017-08-05,43,LAWN AND GARDEN,9.882616662920023
2017-08-14,28,BEAUTY,2.256326979128573
2017-08-06,29,PLAYERS AND ELECTRONICS,6.671975366652541
2017-08-05,37,GROCERY I,3916.949324926977
2017-08-02,6,"LIQUOR,WINE,BEER",106.44580929770784
2017-08-02,48,BEVERAGES,5408.662234791606
2017-08-09,31,AUTOMOTIVE,11.615616830862765
2017-08-04,7,GROCERY I,3912.31414326245
2017-08-13,18,HOME AND KITCHEN I,20.0199665575394
2017-08-13,15,HOME AND KITCHEN I,0.0
2017-08-04,20,BABY CARE,0.0
2017-08-06,34,BABY CARE,0.6080642520985865
2017-08-14,34,LINGERIE,5.373912824862622
2017-08-15,54,HOME APPLIANCES,0.1482081681687752
2017-08-03,44,AUTOMOTIVE,13.19088747659278
2017-08-03,30,EGGS,149.03851918293867
2017-08-11,47,CLEANING,2201.432978847976
2017-08-02,38,LAWN AND GARDEN,28.37785548378257
2017-08-03,21,LINGERIE,9.321665527128008
2017-08-14,6,BEAUTY,7.148117248019136
2017-08-06,48,HOME AND KITCHEN II,9.20741158907948
2017-08-05,19,HARDWARE,2.019332515739546
2017-08-06,27,SCHOOL AND OFFICE SUPPLIES,2.046980926732014
2017-08-05,30,SCHOOL AND OFFICE SUPPLIES,0.0
2017-08-07,48,HOME AND KITCHEN I,22.274843063711693
2017-08-13,16,LADIESWEAR,0.0
2017-08-14,16,BABY CARE,0.1492905789260549
2017-08-03,14,MEATS,339.29485265713254
2017-08-03,13,EGGS,37.955510982355726
2017-08-08,26,MEATS,253.7504433611863
2017-08-06,20,HARDWARE,0.9943286575499614
2017-08-15,21,POULTRY,149.5916136791261
2017-08-03,27,AUTOMOTIVE,6.143005974790201
2017-08-13,52,GROCERY I,6618.861004848589
2017-08-06,36,LINGERIE,3.8551968478115097
2017-08-08,33,LADIESWEAR,0.0
2017-08-12,34,LINGERIE,4.710867001933617
2017-08-10,20,LADIESWEAR,0.0
2017-08-10,6,DAIRY,723.4832819584594
2017-08-13,14,PRODUCE,363.1936977951415
2017-08-10,35,MAGAZINES,0.4708231515801713
2017-08-14,39,EGGS,1342.8659785061595
2017-08-06,16,EGGS,256.5390528141355
2017-08-14,54,DAIRY,277.0955056570367
2017-08-03,47,SEAFOOD,54.73803458638781
2017-08-14,16,PERSONAL CARE,108.14220587776748
2017-08-13,28,HOME APPLIANCES,1.973878835984511
2017-08-04,38,CELEBRATION,13.232935707461856
2017-08-12,30,PERSONAL CARE,74.0789992294593
2017-08-08,26,PRODUCE,425.8060373699516
2017-08-15,42,HARDWARE,0.7572162121335673
2017-08-05,1,CELEBRATION,5.977278229274818
2017-08-05,25,DELI,160.93494923939386
2017-08-05,15,BABY CARE,1.04623361163643
2017-08-11,20,CLEANING,1401.3399102436038
2017-08-10,5,EGGS,60.4154273423733
2017-08-07,12,BABY CARE,0.025780598734899
2017-08-10,19,POULTRY,202.89957852885564
2017-08-09,54,GROCERY I,3123.328438214824
2017-08-03,50,EGGS,93.94309751732722
2017-08-08,13,BABY CARE,0.0
2017-08-14,30,PET SUPPLIES,1.6817556735720054
2017-08-10,2,HOME AND KITCHEN II,31.70561548667873
2017-08-14,42,HOME APPLIANCES,0.0
2017-08-11,8,BABY CARE,0.9569254970831726
2017-08-09,10,SCHOOL AND OFFICE SUPPLIES,1.248063035087861
2017-08-13,51,GROCERY II,58.21874711498021
2017-08-11,41,HOME APPLIANCES,0.0
2017-08-13,31,POULTRY,145.94960170419685
2017-08-10,16,BEAUTY,1.6364325751083997
2017-08-08,3,BABY CARE,1.7161184450384122
2017-08-11,27,GROCERY II,42.48289253871644
2017-08-12,13,BABY CARE,0.0
2017-08-02,33,DAIRY,478.1372751128304
2017-08-02,37,HOME AND KITCHEN II,23.127465715852765
2017-08-07,4,HOME CARE,196.04080282693585
2017-08-15,5,SEAFOOD,8.185903028482706
2017-08-09,50,"LIQUOR,WINE,BEER",126.833403140873
2017-08-08,20,SEAFOOD,14.298267938853655
2017-08-11,11,MAGAZINES,2.4384376592040784
2017-08-03,11,AUTOMOTIVE,7.822474737627133
2017-08-06,44,SEAFOOD,140.4219181794385
2017-08-09,28,SEAFOOD,2.899308616770669
2017-08-10,53,BREAD/BAKERY,421.349942460594
2017-08-11,9,PET SUPPLIES,7.702174107285439
2017-08-02,43,BEAUTY,1.6077155746226428
2017-08-06,42,PET SUPPLIES,11.430444077099336
2017-08-10,32,MEATS,107.87900728224636
2017-08-05,13,GROCERY I,4219.3651195693255
2017-08-14,36,LINGERIE,4.604228388283497
2017-08-03,12,POULTRY,162.42603394264643
2017-08-12,54,SEAFOOD,2.991203788399633
2017-08-13,25,LINGERIE,7.097523113301157
2017-08-05,7,PERSONAL CARE,248.4209084304283
2017-08-12,18,HOME APPLIANCES,0.0
2017-08-14,12,GROCERY II,3.297142490419588
2017-08-15,30,DELI,124.20055862188502
2017-08-05,35,POULTRY,67.50912194799704
2017-08-03,18,BOOKS,0.0
2017-08-14,8,MAGAZINES,19.36655794266445
2017-08-12,38,HOME AND KITCHEN II,40.4476306385358
2017-08-15,42,PRODUCE,2066.131330728013
2017-08-06,14,PREPARED FOODS,81.1877509137759
2017-08-07,39,BEVERAGES,3511.675095709179
2017-08-06,16,BABY CARE,0.0819621356139299
2017-08-03,43,BABY CARE,0.2780734768731275
2017-08-15,34,BEVERAGES,2278.258875941698
2017-08-11,48,HOME APPLIANCES,0.2375999921383245
2017-08-05,6,EGGS,219.08281954000847
2017-08-13,35,DELI,105.6956965682131
2017-08-10,26,SEAFOOD,2.0439445841896795
2017-08-10,34,BEAUTY,2.1418841993650384
2017-08-08,45,BABY CARE,0.0
2017-08-12,45,BEAUTY,19.05644316951973
2017-08-14,44,BEAUTY,14.902772282793467
2017-08-15,51,"LIQUOR,WINE,BEER",157.63764520972344
2017-08-07,42,MAGAZINES,10.17809134051011
2017-08-15,16,LAWN AND GARDEN,0.0
2017-08-14,49,BOOKS,0.0168289201080611
2017-08-11,47,PLAYERS AND ELECTRONICS,34.68581567733425
2017-08-02,41,HOME CARE,288.1953361569816
2017-08-11,36,LINGERIE,5.563228334772291
2017-08-06,30,GROCERY I,2442.509017411283
2017-08-14,38,BABY CARE,0.0084751503149236
2017-08-08,7,HOME APPLIANCES,0.8321444575677217
2017-08-09,17,SEAFOOD,11.572129294600067
2017-08-11,24,PRODUCE,3071.4647857340533
2017-08-13,25,HOME CARE,122.80540611723292
2017-08-11,45,BABY CARE,0.0
2017-08-12,23,HOME APPLIANCES,0.839695390782446
2017-08-07,2,HOME AND KITCHEN I,13.054179140812431
2017-08-13,47,SCHOOL AND OFFICE SUPPLIES,217.61962758520136
2017-08-06,14,MEATS,181.48837928901267
2017-08-14,45,"LIQUOR,WINE,BEER",177.61080677501332
2017-08-10,22,BEAUTY,3.164247611115463
2017-08-13,40,DAIRY,652.8867940725763
2017-08-13,17,MEATS,280.2086676479857
2017-08-02,37,HARDWARE,2.1027226127449063
2017-08-06,16,DAIRY,396.2741957107117
2017-08-15,10,HOME CARE,162.90326778847302
2017-08-15,54,SEAFOOD,1.618577492834644
2017-08-07,17,CELEBRATION,8.951402098137912
2017-08-06,39,GROCERY I,6856.6548015607605
2017-08-05,30,EGGS,118.12983240249416
2017-08-12,53,PERSONAL CARE,230.4517626707706
2017-08-12,9,SCHOOL AND OFFICE SUPPLIES,149.72354787201243
2017-08-05,48,PET SUPPLIES,21.122282965398405
2017-08-02,38,CELEBRATION,16.644735344289067
2017-08-03,33,PET SUPPLIES,1.828901894399391
2017-08-06,40,FROZEN FOODS,43.473502380125566
2017-08-11,13,PERSONAL CARE,166.70684830413666
2017-08-03,40,HOME APPLIANCES,0.637137283070135
2017-08-08,54,HOME APPLIANCES,0.0
2017-08-13,29,HARDWARE,2.34325458132798
2017-08-06,42,HARDWARE,1.280108197399298
2017-08-15,8,BOOKS,0.0
2017-08-06,8,CELEBRATION,15.864581994401558
2017-08-06,51,GROCERY II,43.69905683254365
2017-08-03,27,PLAYERS AND ELECTRONICS,8.691305180029236
2017-08-12,1,LINGERIE,8.255450448473981
2017-08-12,8,DELI,319.8556746254057
2017-08-10,42,POULTRY,211.2734832108864
2017-08-04,10,"LIQUOR,WINE,BEER",21.948451931241905
2017-08-09,14,EGGS,30.968616995265425
2017-08-13,10,DAIRY,365.7992174652504
2017-08-06,45,BREAD/BAKERY,1814.891167050081
2017-08-02,18,"LIQUOR,WINE,BEER",52.177615058853256
2017-08-05,4,BREAD/BAKERY,456.8153216418656
2017-08-08,30,BABY CARE,0.075608775579921
2017-08-03,42,CLEANING,740.2867785894935
2017-08-02,40,PREPARED FOODS,65.18280144384144
2017-08-03,2,"LIQUOR,WINE,BEER",76.15612553453265
2017-08-12,37,GROCERY I,3038.7259525690715
2017-08-07,47,BABY CARE,0.0
2017-08-08,54,MAGAZINES,0.7497895726675391
2017-08-11,27,DELI,335.17825091330985
2017-08-08,16,LADIESWEAR,0.0
2017-08-10,2,HARDWARE,2.3313429403202206
2017-08-03,36,HOME APPLIANCES,0.4807223915581975
2017-08-07,29,PLAYERS AND ELECTRONICS,4.326335374037543
2017-08-06,41,PRODUCE,2541.825335046341
2017-08-06,43,LINGERIE,1.6776601200614096
2017-08-12,45,LAWN AND GARDEN,52.39943112834031
2017-08-03,31,PET SUPPLIES,3.940237827117717
2017-08-12,28,AUTOMOTIVE,7.586363511209706
2017-08-14,38,BEVERAGES,1716.3068503939364
2017-08-12,7,BREAD/BAKERY,579.3871607583623
2017-08-10,12,PET SUPPLIES,1.4662961186797503
2017-08-11,20,PRODUCE,950.2808404060391
2017-08-08,37,CLEANING,829.5455441146703
2017-08-06,15,GROCERY I,2708.607737417341
2017-08-11,2,HOME AND KITCHEN II,32.99846616386733
2017-08-03,48,BEVERAGES,4768.713872267711
2017-08-10,24,FROZEN FOODS,128.23082030516505
2017-08-06,27,EGGS,367.71436001886855
2017-08-13,42,DELI,146.05011903515765
2017-08-13,7,SCHOOL AND OFFICE SUPPLIES,0.2624706711693792
2017-08-10,6,PET SUPPLIES,7.947881782981547
2017-08-05,6,MEATS,567.7830259249956
2017-08-04,42,SEAFOOD,19.75198724693053
2017-08-10,16,FROZEN FOODS,24.10973218866959
2017-08-11,3,PRODUCE,6383.063580347481
2017-08-04,11,PLAYERS AND ELECTRONICS,15.501559665865384
2017-08-14,46,EGGS,132.8271716663229
2017-08-05,45,HOME CARE,874.6376614655005
2017-08-11,25,PRODUCE,2400.671643340019
2017-08-12,5,PRODUCE,1351.522456244884
2017-08-06,43,MAGAZINES,2.3632970496761425
2017-08-08,10,BOOKS,0.0
2017-08-13,38,DELI,167.32249130642896
2017-08-15,6,PRODUCE,2057.118322540733
2017-08-11,48,SCHOOL AND OFFICE SUPPLIES,509.5024680966033
2017-08-05,45,PREPARED FOODS,372.7739926136228
2017-08-15,46,GROCERY I,8227.65831192238
2017-08-07,40,POULTRY,196.04511599040524
2017-08-13,38,AUTOMOTIVE,8.712311212542907
2017-08-04,52,PLAYERS AND ELECTRONICS,28.870533748661188
2017-08-13,45,GROCERY II,110.28099058802012
2017-08-15,51,MEATS,528.5303270422612
2017-08-09,45,BEVERAGES,7759.686418520608
2017-08-06,23,HOME AND KITCHEN I,10.547171025876526
2017-08-09,8,HARDWARE,1.834544460074933
2017-08-06,6,POULTRY,818.3799308346247
2017-08-12,52,AUTOMOTIVE,14.504212903765712
2017-08-07,39,FROZEN FOODS,63.96816915368667
2017-08-11,49,CLEANING,1686.2055510562457
2017-08-09,31,FROZEN FOODS,86.34260547736953
2017-08-03,26,PET SUPPLIES,3.278814788157143
2017-08-14,14,AUTOMOTIVE,3.3550226797345952
2017-08-09,53,BREAD/BAKERY,491.018516239577
2017-08-06,40,LADIESWEAR,0.0
2017-08-08,41,AUTOMOTIVE,10.22357248792242
2017-08-07,9,HARDWARE,2.12092775911043
2017-08-04,34,BREAD/BAKERY,728.0100997247118
2017-08-08,5,CELEBRATION,23.596790565138424
2017-08-14,13,SCHOOL AND OFFICE SUPPLIES,16.19842335564847
2017-08-05,5,DELI,261.8602326200597
2017-08-11,6,PREPARED FOODS,109.9162303569028
2017-08-02,7,BEVERAGES,4149.175437598229
2017-08-03,53,BEAUTY,2.1539911664442064
2017-08-02,30,DAIRY,346.277632994094
2017-08-15,43,PET SUPPLIES,3.912897072272567
2017-08-06,50,POULTRY,554.7234260360395
2017-08-03,44,LADIESWEAR,33.70826305120724
2017-08-09,54,DELI,210.8647076129828
2017-08-09,6,PET SUPPLIES,9.207155403670956
2017-08-06,30,HOME APPLIANCES,0.2193413626108413
2017-08-02,30,PREPARED FOODS,18.56149318919345
2017-08-13,36,MEATS,247.3705856641735
2017-08-04,26,PREPARED FOODS,25.186542952098247
2017-08-10,32,GROCERY II,0.2162328288637487
2017-08-11,23,BEVERAGES,1231.7496997828478
2017-08-03,39,BABY CARE,0.2196338578384174
2017-08-12,8,POULTRY,643.1366430069047
2017-08-08,19,BABY CARE,0.412094270040385
2017-08-08,11,BEAUTY,5.889054905212063
2017-08-06,28,FROZEN FOODS,116.82727878223407
2017-08-09,43,BREAD/BAKERY,591.9762682546616
2017-08-13,5,BEAUTY,7.192480613604436
2017-08-08,34,MEATS,182.21015458009288
2017-08-15,34,PERSONAL CARE,225.91742443226332
2017-08-02,51,HOME AND KITCHEN I,38.90568934108133
2017-08-08,25,PERSONAL CARE,94.07490496935436
2017-08-08,53,DELI,195.54625378903583
2017-08-09,42,PRODUCE,3213.1496277438137
2017-08-13,16,HOME CARE,206.32645342860656
2017-08-10,37,HOME AND KITCHEN II,30.82161265200631
2017-08-08,11,LAWN AND GARDEN,1.940129045171389
2017-08-03,11,"LIQUOR,WINE,BEER",61.34470925743706
2017-08-07,42,DELI,168.7673030531919
2017-08-10,2,PRODUCE,1803.532342918464
2017-08-04,40,CELEBRATION,4.584025145293048
2017-08-14,15,DAIRY,359.7100042784856
2017-08-06,48,SCHOOL AND OFFICE SUPPLIES,457.0493478251343
2017-08-07,13,HARDWARE,0.0340185784597697
2017-08-13,38,HOME AND KITCHEN I,45.51168226284316
2017-08-06,11,BABY CARE,0.1783755373552083
2017-08-12,47,PET SUPPLIES,32.14403995656987
2017-08-06,39,MAGAZINES,1.8552965576135616
2017-08-05,34,PREPARED FOODS,37.14117771692013
2017-08-13,5,POULTRY,257.62274847136854
2017-08-03,11,DELI,571.0448547631685
2017-08-06,2,PREPARED FOODS,156.83683194408786
2017-08-11,3,PREPARED FOODS,262.25829932526904
2017-08-04,33,SCHOOL AND OFFICE SUPPLIES,0.0
2017-08-11,42,BEAUTY,5.017520764036724
2017-08-03,47,DELI,563.8648956684779
2017-08-10,16,CLEANING,557.1558568080565
2017-08-12,19,MAGAZINES,2.9111186216424727
2017-08-02,30,BREAD/BAKERY,161.48112710861167
2017-08-08,38,SCHOOL AND OFFICE SUPPLIES,1.3184294132670096
2017-08-02,12,AUTOMOTIVE,5.679835067552903
2017-08-02,50,GROCERY I,7429.551455994097
2017-08-10,21,DELI,243.73284999444104
2017-08-06,45,LAWN AND GARDEN,51.70082664394295
2017-08-05,34,BEVERAGES,2896.101501908011
2017-08-12,48,EGGS,151.8751612079966
2017-08-13,50,HOME AND KITCHEN I,65.00755116906527
2017-08-10,40,AUTOMOTIVE,4.1650614304757525
2017-08-13,20,GROCERY II,18.493093370634057
2017-08-04,14,BABY CARE,0.0023025901305307
2017-08-13,7,BABY CARE,0.0106674459009611
2017-08-08,31,HOME AND KITCHEN II,19.70398464630753
2017-08-07,3,PERSONAL CARE,571.4988468214842
2017-08-06,5,DELI,296.4295706987804
2017-08-06,27,FROZEN FOODS,184.4894236610734
2017-08-06,47,POULTRY,1675.6681385504032
2017-08-14,52,HOME APPLIANCES,0.2494219151990672
2017-08-05,50,DELI,670.3568593638438
2017-08-10,12,POULTRY,157.30277586239856
2017-08-05,53,FROZEN FOODS,197.1709420955943
2017-08-09,11,PLAYERS AND ELECTRONICS,13.53094712877762
2017-08-11,34,LAWN AND GARDEN,4.97667343941658
2017-08-08,7,PERSONAL CARE,268.6083826807658
2017-08-05,16,CLEANING,1467.0380181031228
2017-08-07,37,GROCERY II,54.810355006365775
2017-08-09,25,GROCERY I,1985.5386501085356
2017-08-10,25,HOME AND KITCHEN I,22.76504687305637
2017-08-02,50,LAWN AND GARDEN,11.872648658745582
2017-08-12,13,SEAFOOD,2.0516241354419
2017-08-03,3,PLAYERS AND ELECTRONICS,21.543806075167787
2017-08-09,28,EGGS,184.24120010150017
2017-08-02,28,BREAD/BAKERY,604.6727136781211
2017-08-02,44,LAWN AND GARDEN,23.52816742911927
2017-08-03,9,CELEBRATION,15.358420845727675
2017-08-05,14,BEVERAGES,2176.6514668018053
2017-08-04,27,LADIESWEAR,4.33748049850999
2017-08-08,49,BOOKS,0.0
2017-08-02,42,PERSONAL CARE,253.34104333976933
2017-08-08,46,HOME APPLIANCES,0.0345852244528055
2017-08-12,49,PET SUPPLIES,19.781030315245747
2017-08-08,20,BREAD/BAKERY,467.0949306685966
2017-08-06,37,LINGERIE,1.3327015720750852
2017-08-09,46,GROCERY I,8243.591716454259
2017-08-14,45,HOME APPLIANCES,0.8168811036735508
2017-08-15,17,LAWN AND GARDEN,0.0
2017-08-13,54,EGGS,90.02170140954217
2017-08-07,47,LADIESWEAR,30.37971818257102
2017-08-12,29,LAWN AND GARDEN,8.801527782878782
2017-08-07,7,PREPARED FOODS,127.80976028981335
2017-08-11,18,GROCERY I,2239.325778440361
2017-08-03,29,CELEBRATION,11.263841833292696
2017-08-09,37,DELI,152.05030458991268
2017-08-10,5,BABY CARE,0.8516920997809143
2017-08-05,39,CLEANING,3475.011566817616
2017-08-11,20,"LIQUOR,WINE,BEER",110.33224004852826
2017-08-11,40,HARDWARE,1.966999914820716
2017-08-02,20,CLEANING,3085.768999522067
2017-08-13,24,BEVERAGES,3131.732070427672
2017-08-10,13,BEAUTY,4.2151397365223
2017-08-05,47,LAWN AND GARDEN,34.12774992765739
2017-08-09,29,MAGAZINES,1.2524407940503557
2017-08-05,49,EGGS,517.5852882419327
2017-08-04,3,DELI,409.9620991043999
2017-08-03,48,FROZEN FOODS,131.37081328780886
2017-08-14,11,FROZEN FOODS,79.60292066103688
2017-08-11,2,GROCERY I,2996.103706452918
2017-08-12,51,POULTRY,431.0339555806448
2017-08-06,25,LAWN AND GARDEN,21.002530783770087
2017-08-14,17,GROCERY II,11.77208387912846
2017-08-09,5,EGGS,74.2980260540791
2017-08-13,30,HOME AND KITCHEN I,8.807655501897381
2017-08-07,20,GROCERY II,10.901830184731736
2017-08-11,24,"LIQUOR,WINE,BEER",156.83430980472932
2017-08-04,22,AUTOMOTIVE,5.196379438097475
2017-08-07,35,HOME CARE,102.2451975621842
2017-08-03,27,HOME APPLIANCES,0.6487909636474004
2017-08-10,45,AUTOMOTIVE,13.333931106871583
2017-08-14,5,GROCERY II,23.628114075760447
2017-08-05,42,BEVERAGES,3565.349642895721
2017-08-12,16,HARDWARE,0.5833127555904947
2017-08-14,25,PRODUCE,1659.225264250594
2017-08-05,17,HOME AND KITCHEN I,29.048100633275997
2017-08-14,47,AUTOMOTIVE,15.283820306224891
2017-08-04,9,GROCERY I,6913.349549292229
2017-08-12,44,PET SUPPLIES,49.10595055990652
2017-08-08,48,SCHOOL AND OFFICE SUPPLIES,471.2144725177236
2017-08-02,3,FROZEN FOODS,361.9737127000191
2017-08-12,48,GROCERY I,10042.944932216546
2017-08-05,6,BREAD/BAKERY,650.2364353989611
2017-08-11,52,PET SUPPLIES,18.38044141027932
2017-08-02,13,PERSONAL CARE,191.3443340228712
2017-08-06,1,PET SUPPLIES,2.3055492778397197
2017-08-11,27,LADIESWEAR,6.357302755314294
2017-08-07,29,PREPARED FOODS,62.96500458128715
2017-08-03,23,HOME AND KITCHEN I,15.526214696971552
2017-08-04,25,PET SUPPLIES,4.552873619654355
2017-08-12,16,POULTRY,69.44072408436529
2017-08-09,8,LADIESWEAR,24.338277827373457
2017-08-08,8,PERSONAL CARE,295.1262310407436
2017-08-12,54,HOME AND KITCHEN I,23.054700051855274
2017-08-14,40,LAWN AND GARDEN,0.0772964234261183
2017-08-10,41,HOME APPLIANCES,0.0
2017-08-02,26,CELEBRATION,7.604974113631526
2017-08-07,31,"LIQUOR,WINE,BEER",8.266255170281479
2017-08-02,26,CLEANING,521.8935306029864
2017-08-12,52,BEAUTY,10.627062279846465
2017-08-10,52,BEAUTY,8.544755818097434
2017-08-03,47,AUTOMOTIVE,14.779863056846684
2017-08-03,20,SCHOOL AND OFFICE SUPPLIES,25.29105226769808
2017-08-07,43,SEAFOOD,0.6764206573309943
2017-08-02,49,PRODUCE,10531.803140541251
2017-08-12,40,BREAD/BAKERY,455.47869662512585
2017-08-07,40,HARDWARE,3.026728271128445
2017-08-07,40,PREPARED FOODS,69.90142379298436
2017-08-12,14,MEATS,370.39145857026745
2017-08-11,18,HOME AND KITCHEN II,18.02724570806256
2017-08-06,6,CELEBRATION,10.812391184154585
2017-08-06,4,LINGERIE,3.5953439648748398
2017-08-11,10,MAGAZINES,0.3475026452221112
2017-08-12,47,BEAUTY,30.199803871962125
2017-08-06,34,PLAYERS AND ELECTRONICS,8.584214074763882
2017-08-04,24,MEATS,676.3279298467712
2017-08-13,21,HARDWARE,0.8594246249213311
2017-08-02,47,PET SUPPLIES,21.92813115951329
2017-08-13,13,DAIRY,266.0425950884563
2017-08-07,30,LINGERIE,3.460977563831282
2017-08-06,45,LINGERIE,5.175956084310251
2017-08-10,16,DAIRY,214.7571167144326
2017-08-14,10,AUTOMOTIVE,1.4472066472973626
2017-08-12,45,HOME APPLIANCES,1.1803886772499028
2017-08-14,24,BREAD/BAKERY,774.3365253449048
2017-08-08,53,SCHOOL AND OFFICE SUPPLIES,0.0
2017-08-14,38,HOME CARE,242.5748574992954
2017-08-10,31,FROZEN FOODS,51.60534478924704
2017-08-06,25,DAIRY,565.9396068432812
2017-08-02,27,HOME AND KITCHEN I,26.43235232737694
2017-08-02,28,POULTRY,195.53109753690467
2017-08-12,11,DAIRY,652.8715322977552
2017-08-05,50,CLEANING,2343.5817164551468
2017-08-11,27,MAGAZINES,3.0320552976344013
2017-08-11,35,BEVERAGES,1846.239835638542
2017-08-13,23,LAWN AND GARDEN,4.013262642825666
2017-08-14,50,CLEANING,1515.1329948980483
2017-08-09,40,HARDWARE,1.4560929142798993
2017-08-10,20,PLAYERS AND ELECTRONICS,4.963515704008375
2017-08-05,4,POULTRY,462.5999809819394
2017-08-12,36,PLAYERS AND ELECTRONICS,4.008673605799471
2017-08-04,4,CELEBRATION,5.30234292471676
2017-08-10,12,EGGS,60.05933374094816
2017-08-14,5,MAGAZINES,10.599855324873278
2017-08-11,2,DELI,215.5615908160076
2017-08-10,8,PERSONAL CARE,259.4077440361077
2017-08-10,22,PET SUPPLIES,1.1415522023111673
2017-08-02,14,EGGS,29.740309141956292
2017-08-12,23,BOOKS,0.2739204929159328
2017-08-03,28,HOME CARE,268.68649117692524
2017-08-07,4,PRODUCE,2039.7647114334936
2017-08-03,4,LADIESWEAR,14.289779688333685
2017-08-11,32,FROZEN FOODS,15.27479989593752
2017-08-10,42,MAGAZINES,8.952770086516212
2017-08-08,17,EGGS,211.401570602674
2017-08-06,52,LAWN AND GARDEN,67.67972291123901
2017-08-07,6,HOME AND KITCHEN II,56.22028486827551
2017-08-05,49,HOME CARE,560.2144481401197
2017-08-06,45,DAIRY,3275.453221942272
2017-08-02,18,HARDWARE,1.344145344289676
2017-08-09,30,PREPARED FOODS,20.944277587106317
2017-08-15,31,CELEBRATION,9.87569051871617
2017-08-09,3,HOME AND KITCHEN I,59.56070312082997
2017-08-06,53,HOME CARE,288.0812798502746
2017-08-07,33,HOME AND KITCHEN II,17.048536524882
2017-08-11,32,HOME AND KITCHEN II,2.703631472142698
2017-08-10,36,HOME AND KITCHEN I,39.09068672683934
2017-08-08,12,PRODUCE,437.2949872232197
2017-08-02,38,BEVERAGES,3825.0108073020297
2017-08-02,40,HOME AND KITCHEN II,25.58757249799404
2017-08-10,11,BEVERAGES,4609.735987932079
2017-08-03,26,CLEANING,371.8920937131097
2017-08-02,34,HOME CARE,231.46448350631115
2017-08-07,40,HOME AND KITCHEN I,23.76319388640291
2017-08-05,26,FROZEN FOODS,18.7586608709597
2017-08-11,15,DAIRY,241.49974864108415
2017-08-02,16,PREPARED FOODS,32.11414872944595
2017-08-05,23,GROCERY I,2168.812813534445
2017-08-06,40,POULTRY,192.3427787638664
2017-08-07,43,LAWN AND GARDEN,9.247457993405389
2017-08-02,35,BOOKS,0.0
2017-08-08,19,MAGAZINES,1.195701519996021
2017-08-07,19,GROCERY II,12.34482336050796
2017-08-10,28,GROCERY I,3551.8175202134016
2017-08-07,15,SEAFOOD,3.5697427207825
2017-08-08,26,EGGS,28.418005350203387
2017-08-13,34,BEVERAGES,2912.4967952037896
2017-08-14,32,EGGS,511.2023875639637
2017-08-08,48,BEAUTY,28.36580436427964
2017-08-03,29,MAGAZINES,1.2615489534752926
2017-08-10,29,PLAYERS AND ELECTRONICS,3.815935179052637
2017-08-08,14,BREAD/BAKERY,158.10641536732447
2017-08-06,26,PERSONAL CARE,233.84770625640377
2017-08-12,9,FROZEN FOODS,154.94066504323536
2017-08-02,46,HOME AND KITCHEN II,18.96945068059637
2017-08-10,15,SCHOOL AND OFFICE SUPPLIES,4.065773494912472
2017-08-14,35,POULTRY,42.1382073886082
2017-08-10,43,PRODUCE,1308.0992387283736
2017-08-06,30,PLAYERS AND ELECTRONICS,5.104591820124357
2017-08-10,41,BEAUTY,8.473636092303876
2017-08-11,30,PLAYERS AND ELECTRONICS,4.643859821195264
2017-08-08,6,CELEBRATION,16.78191153601769
2017-08-05,37,POULTRY,265.74636362163403
2017-08-06,6,PERSONAL CARE,572.3218581949596
2017-08-14,16,HOME APPLIANCES,0.0
2017-08-02,30,MAGAZINES,0.7849576751978528
2017-08-05,41,FROZEN FOODS,242.80927272325005
2017-08-02,27,POULTRY,399.4826923944403
2017-08-07,46,PERSONAL CARE,840.1066776841374
2017-08-14,27,SCHOOL AND OFFICE SUPPLIES,1.593299235038805
2017-08-14,23,LADIESWEAR,13.61917512615896
2017-08-14,22,DAIRY,345.82313165922886
2017-08-13,50,BEAUTY,20.467074191201668
2017-08-04,16,LINGERIE,2.5308827451002864
2017-08-14,11,MEATS,624.7062372394803
2017-08-10,8,HARDWARE,1.8143859210740103
2017-08-03,5,BREAD/BAKERY,296.76742382116623
2017-08-03,11,HOME AND KITCHEN II,29.396008683866167
2017-08-07,50,BREAD/BAKERY,678.0025373725604
2017-08-09,50,SEAFOOD,18.635217279888643
2017-08-15,27,PREPARED FOODS,66.33415482693809
2017-08-03,19,BREAD/BAKERY,167.86958700929324
2017-08-10,33,EGGS,123.86068470214045
2017-08-08,41,HOME CARE,215.6465751964676
2017-08-14,51,BABY CARE,0.0
2017-08-06,44,CELEBRATION,22.45212078318812
2017-08-14,22,SEAFOOD,2.13254111157013
2017-08-14,33,MEATS,198.4729498187276
2017-08-03,11,PERSONAL CARE,549.902090942824
2017-08-08,43,HOME AND KITCHEN II,24.813214851832456
2017-08-06,48,HOME APPLIANCES,1.0929424492930018
2017-08-04,49,SEAFOOD,108.0138381630368
2017-08-05,16,FROZEN FOODS,76.27129788471127
2017-08-09,4,GROCERY I,3173.462665744249
2017-08-07,8,BOOKS,0.0092122381124341
2017-08-08,25,POULTRY,128.9540998130194
2017-08-06,23,BEVERAGES,1626.4734191122036
2017-08-02,17,CLEANING,1370.2343516575863
2017-08-03,18,POULTRY,195.00798175984664
2017-08-02,14,PREPARED FOODS,90.79659061111995
2017-08-09,36,BOOKS,0.0
2017-08-13,23,PERSONAL CARE,179.1703717281303
2017-08-10,47,HARDWARE,2.085506408797098
2017-08-05,37,PREPARED FOODS,86.58354040092087
2017-08-12,26,PRODUCE,437.45948290079366
2017-08-05,33,HOME CARE,221.73481865138683
2017-08-04,1,FROZEN FOODS,168.34469066322222
2017-08-08,4,BOOKS,0.0
2017-08-03,26,SEAFOOD,3.058678126581301
2017-08-05,48,PLAYERS AND ELECTRONICS,35.56307090689198
2017-08-08,35,LINGERIE,0.0
2017-08-03,40,DAIRY,598.5041607221299
2017-08-15,40,DELI,270.14327706238885
2017-08-08,31,HOME AND KITCHEN I,19.492106580576475
2017-08-10,23,LINGERIE,1.2548648412837746
2017-08-02,20,BOOKS,0.0
2017-08-08,21,PET SUPPLIES,2.16682034368457
2017-08-14,19,BABY CARE,0.3366511032761624
2017-08-02,47,HARDWARE,1.1478621210747777
2017-08-08,39,BEAUTY,4.539410569858859
2017-08-13,6,PRODUCE,3014.404588986166
2017-08-09,48,BABY CARE,0.0
2017-08-05,18,DAIRY,760.5737245196545
2017-08-02,38,HARDWARE,0.6556364055953114
2017-08-13,24,LADIESWEAR,14.325912704583994
2017-08-03,37,POULTRY,234.45127248736625
2017-08-06,25,PERSONAL CARE,116.83621290396415
2017-08-02,35,GROCERY II,10.577628065468058
2017-08-11,52,BOOKS,0.0
2017-08-08,9,PLAYERS AND ELECTRONICS,8.339792510820098
2017-08-07,43,AUTOMOTIVE,7.276528091328157
2017-08-13,3,PET SUPPLIES,24.57161578523523
2017-08-08,47,MEATS,823.5980505568755
2017-08-08,2,PET SUPPLIES,6.851005584046714
2017-08-13,43,PREPARED FOODS,157.61876895832458
2017-08-12,4,GROCERY II,23.97355789594048
2017-08-02,25,CELEBRATION,5.83335579878546
2017-08-14,50,GROCERY I,6247.158712638257
2017-08-12,28,CLEANING,1383.1412982201168
2017-08-14,7,BOOKS,0.1339490253721179
2017-08-05,33,MAGAZINES,1.3953580817963138
2017-08-05,9,HOME AND KITCHEN I,55.32654695843552
2017-08-08,10,HOME AND KITCHEN II,7.264191175971568
2017-08-12,21,CELEBRATION,8.419806422567891
2017-08-05,3,PLAYERS AND ELECTRONICS,27.81647035132822
2017-08-14,45,BOOKS,0.0
2017-08-05,25,GROCERY II,23.18405969567818
2017-08-03,43,POULTRY,240.1745836293859
2017-08-02,51,BEVERAGES,5067.990369175986
2017-08-12,9,BEVERAGES,3798.7772820472974
2017-08-09,43,SCHOOL AND OFFICE SUPPLIES,2.526989522192532
2017-08-11,6,HOME CARE,219.61991009741985
2017-08-06,46,GROCERY II,61.5924251071392
2017-08-11,4,GROCERY II,24.13286891688117
2017-08-07,42,HOME APPLIANCES,0.0
2017-08-09,8,PLAYERS AND ELECTRONICS,18.462569306039583
2017-08-10,41,MAGAZINES,12.549616786484163
2017-08-10,13,PERSONAL CARE,163.77071900221856
2017-08-05,34,MEATS,201.80302422802995
2017-08-11,34,PRODUCE,565.2312476313318
2017-08-12,14,GROCERY I,3775.638290941677
2017-08-10,25,SCHOOL AND OFFICE SUPPLIES,0.5652006426933315
2017-08-02,23,PET SUPPLIES,3.725042332461381
2017-08-06,45,BEAUTY,26.7550145276159
2017-08-09,1,GROCERY I,2930.457405282624
2017-08-10,47,SEAFOOD,50.20091407724752
2017-08-11,43,LINGERIE,1.6502810014746387
2017-08-06,37,BREAD/BAKERY,499.1036301483866
2017-08-14,5,HOME AND KITCHEN II,18.5961717459567
2017-08-07,48,POULTRY,892.0678992588638
2017-08-07,6,LADIESWEAR,22.18837250076428
2017-08-15,36,HOME AND KITCHEN I,34.68083248143731
2017-08-13,24,DELI,255.6151837423268
2017-08-03,40,HOME AND KITCHEN I,26.730118820972766
2017-08-09,1,FROZEN FOODS,140.02341165021883
2017-08-05,9,HOME APPLIANCES,0.1702149166985679
2017-08-04,51,HARDWARE,2.5021280777610917
2017-08-10,47,DELI,481.7499408507467
2017-08-07,3,HOME AND KITCHEN II,64.14905787866613
2017-08-04,39,SCHOOL AND OFFICE SUPPLIES,5.613623318327014
2017-08-03,41,GROCERY II,65.3104190690728
2017-08-08,4,HOME AND KITCHEN I,10.907916058919444
2017-08-03,35,LAWN AND GARDEN,0.0003136230573983
2017-08-04,35,CLEANING,426.7211075032441
2017-08-10,15,HOME AND KITCHEN II,18.094596535344845
2017-08-05,54,MEATS,58.35329164768311
2017-08-07,50,BEAUTY,16.06776876744651
2017-08-02,21,GROCERY I,4210.759351277774
2017-08-08,12,BEAUTY,1.8492558232756588
2017-08-08,43,CELEBRATION,14.434446341310094
2017-08-08,29,PRODUCE,2503.2137377423646
2017-08-10,39,MAGAZINES,3.5442156958317987
2017-08-10,1,MEATS,285.55975671990865
2017-08-14,12,MAGAZINES,1.6202438595816342
2017-08-13,6,MAGAZINES,7.904900070831349
2017-08-13,25,SCHOOL AND OFFICE SUPPLIES,1.8255014436148436
2017-08-13,18,GROCERY II,18.12230256595729
2017-08-02,2,FROZEN FOODS,125.90023148214397
2017-08-15,41,CLEANING,689.9386684005524
2017-08-03,50,HOME APPLIANCES,0.0455211860372813
2017-08-02,43,HOME CARE,286.04964646247186
2017-08-09,45,PRODUCE,8242.344495371377
2017-08-06,38,PRODUCE,2148.7464770842857
2017-08-09,4,BOOKS,0.0
2017-08-12,2,LINGERIE,6.854053013131155
2017-08-12,52,DAIRY,1413.002140797411
2017-08-04,40,SCHOOL AND OFFICE SUPPLIES,0.0
2017-08-09,53,LINGERIE,6.432811913898878
2017-08-12,39,LAWN AND GARDEN,18.19015304429095
2017-08-13,25,HOME APPLIANCES,0.0571408995317591
2017-08-11,10,LAWN AND GARDEN,0.0
2017-08-03,45,HOME AND KITCHEN II,81.91504725851146
2017-08-14,25,MAGAZINES,14.232741902291606
2017-08-14,20,HOME APPLIANCES,0.0155606918168968
2017-08-15,21,"LIQUOR,WINE,BEER",77.522182248014
2017-08-10,18,MEATS,209.40744614570715
2017-08-07,53,LADIESWEAR,3.770112031499858
2017-08-08,15,BEAUTY,2.0265509282369543
2017-08-13,25,HARDWARE,2.2205770199312758
2017-08-08,15,BOOKS,0.0
2017-08-15,43,CLEANING,1109.5414068232412
2017-08-05,4,LINGERIE,3.557671383150579
2017-08-04,17,MAGAZINES,2.527021825804268
2017-08-05,26,CELEBRATION,9.145667750086004
2017-08-05,23,AUTOMOTIVE,2.543792966889163
2017-08-03,28,HARDWARE,1.514085587169717
2017-08-10,1,POULTRY,259.23881362349874
2017-08-02,44,MAGAZINES,24.480891446323227
2017-08-09,45,SEAFOOD,84.11607841153273
2017-08-02,51,PREPARED FOODS,130.22710538961854
2017-08-05,36,LADIESWEAR,0.0
2017-08-09,12,FROZEN FOODS,39.690066063004224
2017-08-02,26,PREPARED FOODS,20.152855548830644
2017-08-14,35,DAIRY,157.97353017667513
2017-08-04,16,PREPARED FOODS,33.36323676281794
2017-08-13,44,BEAUTY,23.65405380939964
2017-08-05,22,FROZEN FOODS,87.54934701851396
2017-08-03,50,HOME AND KITCHEN II,32.78104704285008
2017-08-07,26,PET SUPPLIES,2.0413477061685086
2017-08-09,2,HOME AND KITCHEN II,41.035450006316246
2017-08-10,33,HOME APPLIANCES,0.4530147262900602
2017-08-12,31,SCHOOL AND OFFICE SUPPLIES,3.33617073744973
2017-08-08,22,SEAFOOD,2.4005343682687283
2017-08-06,45,GROCERY I,16217.57042827972
2017-08-10,28,HOME CARE,143.34420747759097
2017-08-06,47,BREAD/BAKERY,1803.615913930845
2017-08-10,53,CELEBRATION,11.08336889844952
2017-08-05,50,LINGERIE,5.945156305901499
2017-08-14,31,HARDWARE,0.2083085724833504
2017-08-12,24,BOOKS,0.0369799704813464
2017-08-07,4,MAGAZINES,8.3100823666699
2017-08-11,11,DELI,515.1040994605601
2017-08-12,39,SEAFOOD,17.505655120834625
2017-08-12,23,"LIQUOR,WINE,BEER",123.91218071279806
2017-08-05,21,HOME APPLIANCES,0.3487504106182788
2017-08-03,33,HARDWARE,0.7362816595572993
2017-08-08,51,GROCERY II,46.23142756080555
2017-08-09,34,POULTRY,127.8021029942944
2017-08-03,42,DELI,153.9545382640821
2017-08-10,50,CELEBRATION,41.94103068508576
2017-08-14,1,BABY CARE,0.0
2017-08-04,21,MAGAZINES,1.12241791877018
2017-08-04,52,BABY CARE,0.0
2017-08-12,34,SCHOOL AND OFFICE SUPPLIES,5.2380562388593646
2017-08-07,27,BEVERAGES,3330.3998017239755
2017-08-04,7,HOME AND KITCHEN II,26.44534827219057
2017-08-03,38,BREAD/BAKERY,363.7380537816
2017-08-14,34,PREPARED FOODS,29.39281731087048
2017-08-11,32,BREAD/BAKERY,99.10144963560492
2017-08-02,49,SCHOOL AND OFFICE SUPPLIES,347.01947603326244
2017-08-02,30,HOME AND KITCHEN I,15.736826119111392
2017-08-09,12,BEVERAGES,1458.7115038062757
2017-08-04,1,CELEBRATION,12.406083595084633
2017-08-09,54,HOME AND KITCHEN I,14.8792761347756
2017-08-14,3,SEAFOOD,70.11596298182454
2017-08-15,25,"LIQUOR,WINE,BEER",176.66477218680856
2017-08-12,3,PET SUPPLIES,25.803941338613484
2017-08-08,41,POULTRY,162.94199546050567
2017-08-08,12,MEATS,129.30336013031595
2017-08-03,51,BEAUTY,6.186448175069569
2017-08-10,32,BABY CARE,0.0016443369712715
2017-08-10,50,DAIRY,945.9208170275652
2017-08-14,44,DAIRY,2164.265186972074
2017-08-09,8,HOME AND KITCHEN II,47.01286961129553
2017-08-07,54,SCHOOL AND OFFICE SUPPLIES,0.4049289659161506
2017-08-03,54,PREPARED FOODS,87.40479851005638
2017-08-14,33,AUTOMOTIVE,6.131047315868489
2017-08-06,36,CLEANING,1059.3206437043264
2017-08-02,48,HOME APPLIANCES,0.2314908136834796
2017-08-14,33,SEAFOOD,0.925338600361914
2017-08-07,10,SCHOOL AND OFFICE SUPPLIES,0.034442049292943
2017-08-07,18,HOME APPLIANCES,0.0
2017-08-09,11,CELEBRATION,10.87493589599298
2017-08-12,21,BEVERAGES,3426.901761995186
2017-08-09,46,PRODUCE,3424.548918452253
2017-08-04,44,"LIQUOR,WINE,BEER",507.84872478612886
2017-08-02,42,EGGS,141.00935967931528
2017-08-04,40,PET SUPPLIES,3.6989029849133033
2017-08-15,50,BEVERAGES,3652.5668355277194
2017-08-08,36,POULTRY,134.56871258380065
2017-08-10,48,PRODUCE,1628.8049148931934
2017-08-15,12,"LIQUOR,WINE,BEER",31.22846196677013
2017-08-03,54,"LIQUOR,WINE,BEER",19.954944190776462
2017-08-04,22,LADIESWEAR,0.3124475414670381
2017-08-12,21,HOME APPLIANCES,0.394342053896753
2017-08-11,40,BEAUTY,2.188448817926803
2017-08-14,21,MEATS,106.46404270237366
2017-08-14,21,PERSONAL CARE,255.23149587977187
2017-08-13,48,LADIESWEAR,40.96253984126226
2017-08-03,27,LAWN AND GARDEN,34.96399006588313
2017-08-12,5,PET SUPPLIES,4.507986283740705
2017-08-09,7,BEAUTY,7.465426476743
2017-08-13,9,POULTRY,500.8449510954235
2017-08-11,4,BREAD/BAKERY,301.07061462028435
2017-08-12,5,LADIESWEAR,13.302529041676294
2017-08-14,34,HOME APPLIANCES,0.0870437221641864
2017-08-05,53,GROCERY I,3757.020773347381
2017-08-08,9,BOOKS,0.0
2017-08-08,7,HOME AND KITCHEN I,28.63615462817038
2017-08-10,25,POULTRY,167.57240057046695
2017-08-04,51,PERSONAL CARE,316.27271574221163
2017-08-12,48,HOME APPLIANCES,0.3291586339828704
2017-08-15,36,PREPARED FOODS,51.206171347841874
2017-08-09,36,PET SUPPLIES,3.523125976792357
2017-08-07,12,MEATS,155.16387619143885
2017-08-04,28,BEAUTY,3.725561502044564
2017-08-08,24,CELEBRATION,15.945289617337448
2017-08-05,52,HOME AND KITCHEN I,62.597713210040695
2017-08-06,44,SCHOOL AND OFFICE SUPPLIES,550.1443191461194
2017-08-10,17,EGGS,121.20226383362744
2017-08-11,50,PREPARED FOODS,106.18347885887536
2017-08-15,4,HOME AND KITCHEN II,7.080044743648406
2017-08-06,7,MAGAZINES,6.690253534845961
2017-08-11,18,PLAYERS AND ELECTRONICS,8.659417360654373
2017-08-11,48,BEAUTY,29.05048889724437
2017-08-09,24,BOOKS,0.0124209021606238
2017-08-04,24,BABY CARE,0.324376902799859
2017-08-09,39,SCHOOL AND OFFICE SUPPLIES,6.253440434556211
2017-08-12,2,LAWN AND GARDEN,18.217109678667825
2017-08-03,15,SEAFOOD,6.730226818219284
2017-08-10,8,FROZEN FOODS,123.06512313115424
2017-08-07,1,DELI,137.83388452262375
2017-08-12,41,PRODUCE,2167.0331872720617
2017-08-14,33,HOME AND KITCHEN II,15.98142731773092
2017-08-10,6,CELEBRATION,13.656200709683276
2017-08-13,44,"LIQUOR,WINE,BEER",89.67739821748381
2017-08-03,38,HARDWARE,1.18371841136501
2017-08-15,35,GROCERY I,1743.404958687153
2017-08-02,47,BABY CARE,0.0
2017-08-14,23,BEAUTY,3.916527639838599
2017-08-11,37,PET SUPPLIES,11.795205548557943
2017-08-05,33,MEATS,291.790051371093
2017-08-13,7,"LIQUOR,WINE,BEER",81.63571157779486
2017-08-13,39,LINGERIE,11.336020080641838
2017-08-15,17,LINGERIE,8.451815078562118
2017-08-02,46,PERSONAL CARE,806.0822054837968
2017-08-12,17,BEAUTY,3.30023664286122
2017-08-04,30,SCHOOL AND OFFICE SUPPLIES,0.1191529167437074
2017-08-13,10,FROZEN FOODS,29.175761970992266
2017-08-07,16,BREAD/BAKERY,175.8542578354086
2017-08-04,48,HARDWARE,0.1670243916586324
2017-08-12,8,LINGERIE,27.337996034899877
2017-08-07,49,SCHOOL AND OFFICE SUPPLIES,347.8661891762681
2017-08-04,53,DAIRY,531.8479495788148
2017-08-07,10,PERSONAL CARE,205.5080455618866
2017-08-10,7,DELI,163.69967595001958
2017-08-07,51,LINGERIE,4.293969963407
2017-08-08,6,PREPARED FOODS,78.29155279984572
2017-08-02,51,PRODUCE,8597.660642464105
2017-08-10,28,EGGS,154.0558331082534
2017-08-15,53,GROCERY I,2598.0039327524987
2017-08-09,19,HOME AND KITCHEN II,30.31759388094556
2017-08-03,37,PET SUPPLIES,12.339571295205722
2017-08-08,50,PLAYERS AND ELECTRONICS,25.72907806504936
2017-08-14,9,HOME AND KITCHEN I,44.38939770001004
2017-08-03,52,LADIESWEAR,8.274160990885418
2017-08-08,16,EGGS,129.8709573584189
2017-08-04,48,SCHOOL AND OFFICE SUPPLIES,283.271632692844
2017-08-05,8,HOME AND KITCHEN I,36.97884210883685
2017-08-11,42,LAWN AND GARDEN,35.83257382749851
2017-08-06,6,LADIESWEAR,41.36583931691581
2017-08-04,19,GROCERY I,3133.437851883308
2017-08-10,12,BEVERAGES,1444.700445117053
2017-08-13,34,"LIQUOR,WINE,BEER",0.0
2017-08-07,33,MAGAZINES,1.135974549124089
2017-08-06,19,BOOKS,0.0
2017-08-03,8,DAIRY,1125.9615051580936
2017-08-04,50,MAGAZINES,6.844325980377912
2017-08-10,43,HOME AND KITCHEN II,27.14812366454704
2017-08-06,54,DELI,353.2501472548746
2017-08-07,33,SCHOOL AND OFFICE SUPPLIES,0.2350143512567128
2017-08-06,51,SCHOOL AND OFFICE SUPPLIES,8.398403396487694
2017-08-04,32,HOME AND KITCHEN I,11.634228023990724
2017-08-04,4,MEATS,591.5033260729672
2017-08-05,30,CLEANING,980.8135639301536
2017-08-10,1,HOME CARE,151.33018384750787
2017-08-13,37,BEAUTY,10.050153322960917
2017-08-11,35,HARDWARE,1.0308549480416438
2017-08-14,19,EGGS,85.41077964163203
2017-08-02,45,BEVERAGES,9033.179464666437
2017-08-07,29,GROCERY I,4260.758879455193
2017-08-06,31,CELEBRATION,9.807949922609582
2017-08-09,37,LAWN AND GARDEN,31.1797638999952
2017-08-11,35,CLEANING,544.8987829097345
2017-08-07,25,BEVERAGES,1976.9764995913856
2017-08-06,18,PREPARED FOODS,82.34198409237035
2017-08-14,39,SCHOOL AND OFFICE SUPPLIES,12.647163208526312
2017-08-05,46,MAGAZINES,10.50170480118816
2017-08-11,11,BEAUTY,2.92604624178422
2017-08-06,39,HOME AND KITCHEN I,22.540462338129437
2017-08-15,19,DELI,313.0913823480646
2017-08-15,20,HARDWARE,0.7909724937308278
2017-08-02,31,GROCERY I,4956.580434850011
2017-08-04,24,AUTOMOTIVE,3.593242430870163
2017-08-07,53,HOME AND KITCHEN I,25.28875217488748
2017-08-13,53,PRODUCE,2287.687733732885
2017-08-05,53,PERSONAL CARE,299.75888899185134
2017-08-08,20,LADIESWEAR,0.0
2017-08-12,12,LADIESWEAR,7.60507861755735
2017-08-03,43,MAGAZINES,2.660858837810748
2017-08-05,21,SCHOOL AND OFFICE SUPPLIES,1.1825118967936357
2017-08-04,13,BREAD/BAKERY,109.272921683999
2017-08-14,39,"LIQUOR,WINE,BEER",49.10189505196632
2017-08-07,13,HOME APPLIANCES,0.0
2017-08-13,3,CELEBRATION,28.791234944319108
2017-08-06,10,BREAD/BAKERY,155.71304387500732
2017-08-09,38,DAIRY,826.1319709857377
2017-08-11,37,CLEANING,525.6122139251444
2017-08-09,46,LAWN AND GARDEN,20.642306034841845
2017-08-02,6,LINGERIE,9.00542420957458
2017-08-10,11,DELI,479.1688267578893
2017-08-04,3,AUTOMOTIVE,12.721680774515685
2017-08-14,40,FROZEN FOODS,35.75434737176926
2017-08-15,17,HOME CARE,246.4949461228615
2017-08-12,17,HARDWARE,1.4604426048751458
2017-08-14,31,FROZEN FOODS,58.771309471303965
2017-08-08,53,PLAYERS AND ELECTRONICS,5.991446930726479
2017-08-11,49,SEAFOOD,101.20719844463213
2017-08-12,18,HOME AND KITCHEN II,22.74043719802601
2017-08-10,36,LAWN AND GARDEN,27.063934107173
2017-08-09,17,HOME CARE,228.33856766192795
2017-08-11,39,AUTOMOTIVE,4.845896757718267
2017-08-14,18,PRODUCE,1415.4859190989905
2017-08-10,9,PRODUCE,1323.0076926467154
2017-08-07,32,HARDWARE,0.0032798015738786
2017-08-02,40,SCHOOL AND OFFICE SUPPLIES,0.0
2017-08-04,24,HARDWARE,0.4521417812450067
2017-08-15,17,PET SUPPLIES,2.679477666428701
2017-08-02,24,MAGAZINES,10.45700067816491
2017-08-04,9,LINGERIE,7.823210779702573
2017-08-10,12,LADIESWEAR,7.473024212518663
2017-08-07,22,AUTOMOTIVE,5.151287583522439
2017-08-02,41,SCHOOL AND OFFICE SUPPLIES,0.0
2017-08-07,42,LINGERIE,3.13172870121949
2017-08-04,28,SCHOOL AND OFFICE SUPPLIES,1.82131106882581
2017-08-10,40,BABY CARE,0.0090896296893648
2017-08-02,28,BEVERAGES,3333.4418937586743
2017-08-11,14,PREPARED FOODS,78.43883015261753
2017-08-05,38,DELI,190.4083445569544
2017-08-14,36,PREPARED FOODS,40.17810505957687
2017-08-15,5,GROCERY II,23.28762961392943
2017-08-08,23,LINGERIE,2.210268072232557
2017-08-03,36,HOME AND KITCHEN I,15.327413863368044
2017-08-12,10,HOME AND KITCHEN II,10.062070978592754
2017-08-04,34,CELEBRATION,8.879212132653812
2017-08-14,7,PREPARED FOODS,125.520711620257
2017-08-13,49,BABY CARE,0.0
2017-08-07,21,CLEANING,1767.6009401927658
2017-08-10,14,HARDWARE,0.2112556643694696
2017-08-03,19,PERSONAL CARE,171.0005462520271
2017-08-03,6,HOME AND KITCHEN I,30.868531760342258
2017-08-13,52,PERSONAL CARE,430.16566150594383
2017-08-11,32,HOME APPLIANCES,0.3665113145860069
2017-08-15,9,AUTOMOTIVE,13.044766738693554
2017-08-03,12,PLAYERS AND ELECTRONICS,7.260051305653283
2017-08-06,29,SEAFOOD,9.562508729474333
2017-08-02,8,"LIQUOR,WINE,BEER",152.05877102693736
2017-08-03,7,AUTOMOTIVE,5.548913054498057
2017-08-14,29,BEAUTY,2.483065402014005
2017-08-15,35,AUTOMOTIVE,2.6709588881220103
2017-08-12,43,SEAFOOD,0.2067265655263236
2017-08-04,6,LADIESWEAR,20.15811610806205
2017-08-13,30,GROCERY I,2191.211165926673
2017-08-14,39,MEATS,140.7839883078563
2017-08-11,18,BREAD/BAKERY,378.4435634856815
2017-08-10,43,FROZEN FOODS,65.50965047804326
2017-08-12,29,HARDWARE,1.5455999946518146
2017-08-15,3,FROZEN FOODS,277.4007804329359
2017-08-05,10,BABY CARE,0.084379938360031
2017-08-05,17,"LIQUOR,WINE,BEER",114.8942150357218
2017-08-06,23,HOME APPLIANCES,0.2900885009885335
2017-08-11,53,BEVERAGES,2292.026616868683
2017-08-07,52,BREAD/BAKERY,819.3705490027755
2017-08-05,16,BREAD/BAKERY,178.6438549121815
2017-08-15,44,DAIRY,1905.0381308275323
2017-08-05,50,AUTOMOTIVE,18.109858217454885
2017-08-02,27,PERSONAL CARE,263.2448850275408
2017-08-15,53,CLEANING,729.2242717403981
2017-08-04,12,BREAD/BAKERY,169.9424233776351
2017-08-05,40,HOME APPLIANCES,0.6650459628923184
2017-08-07,28,BREAD/BAKERY,643.7674026611431
2017-08-07,37,FROZEN FOODS,135.67816711384629
2017-08-15,4,"LIQUOR,WINE,BEER",75.53632986039602
2017-08-10,31,AUTOMOTIVE,8.524716210892095
2017-08-03,43,CELEBRATION,14.68887597601246
2017-08-12,6,GROCERY II,39.56557969316373
2017-08-15,38,HOME APPLIANCES,0.0116731844927234
2017-08-08,54,POULTRY,58.46430448191892
2017-08-11,9,GROCERY II,11.59193673721344
2017-08-08,30,MAGAZINES,0.6601483054935136
2017-08-05,42,"LIQUOR,WINE,BEER",118.74398678334174
2017-08-06,42,HOME AND KITCHEN II,25.11387042554632
2017-08-05,23,LAWN AND GARDEN,3.1790663453181427
2017-08-12,11,GROCERY I,7372.371864300365
2017-08-11,46,LINGERIE,13.664175744529077
2017-08-03,19,EGGS,52.05373971973581
2017-08-04,52,AUTOMOTIVE,11.251171883893926
2017-08-11,33,GROCERY I,2508.9794840282434
2017-08-14,45,POULTRY,1179.8996925181202
2017-08-13,11,PERSONAL CARE,450.5879848133884
2017-08-15,18,BOOKS,0.0
2017-08-05,16,LADIESWEAR,0.0
2017-08-07,32,EGGS,478.8737439878837
2017-08-11,54,LAWN AND GARDEN,0.0
2017-08-05,24,PET SUPPLIES,19.93583040458529
2017-08-12,50,AUTOMOTIVE,15.16521198769175
2017-08-12,7,SCHOOL AND OFFICE SUPPLIES,0.2005475884702056
2017-08-09,39,PERSONAL CARE,286.70393253086024
2017-08-09,42,GROCERY I,3016.831058846012
2017-08-07,49,HARDWARE,1.007840229496906
2017-08-08,34,BEAUTY,0.8309685170186398
2017-08-02,7,PLAYERS AND ELECTRONICS,17.68815316517863
2017-08-02,45,BREAD/BAKERY,1196.824425817151
2017-08-05,36,MAGAZINES,0.7089889220730592
2017-08-05,23,BABY CARE,0.0
2017-08-14,3,GROCERY I,7383.944206456995
2017-08-06,12,HOME AND KITCHEN II,22.71521667923995
2017-08-03,21,MAGAZINES,1.330822146688574
2017-08-03,20,CELEBRATION,10.618409921465076
2017-08-07,8,CELEBRATION,18.29454667288108
2017-08-02,20,DAIRY,895.7247487571474
2017-08-15,47,EGGS,291.9628650960641
2017-08-11,7,HOME AND KITCHEN I,30.014289786875437
2017-08-07,2,POULTRY,421.5167337824046
2017-08-09,16,LINGERIE,3.027816685928353
2017-08-04,39,LADIESWEAR,1.627073206812009
2017-08-05,14,POULTRY,165.69717030830287
2017-08-10,11,POULTRY,379.6362740005153
2017-08-08,36,DELI,225.2926723049032
2017-08-07,34,POULTRY,137.10664827921244
2017-08-06,24,PREPARED FOODS,124.82680173867406
2017-08-14,1,CELEBRATION,11.099309292441232
2017-08-10,38,LADIESWEAR,16.017251918371528
2017-08-04,30,EGGS,119.91739485786395
2017-08-02,11,PET SUPPLIES,3.4922279000080163
2017-08-03,46,MEATS,880.4059210469421
2017-08-06,48,BABY CARE,0.0
2017-08-06,21,HARDWARE,0.5845727321525314
2017-08-08,51,PRODUCE,5094.885616123849
2017-08-10,34,HARDWARE,4.145782811232093
2017-08-14,37,HOME AND KITCHEN II,35.24264138968313
2017-08-15,25,MAGAZINES,14.521851036921255
2017-08-07,51,HARDWARE,1.8988978788600173
2017-08-14,43,HOME APPLIANCES,0.0010864256260247
2017-08-07,37,PET SUPPLIES,19.720096670773785
2017-08-13,40,EGGS,196.48363663127407
2017-08-06,29,"LIQUOR,WINE,BEER",68.16497964697741
2017-08-04,28,HOME AND KITCHEN II,20.93349378769237
2017-08-02,40,FROZEN FOODS,115.58825662505916
2017-08-11,1,BEVERAGES,1258.6145284397148
2017-08-07,39,SCHOOL AND OFFICE SUPPLIES,5.633738917420327
2017-08-07,23,PRODUCE,1127.4619847781744
2017-08-04,13,PLAYERS AND ELECTRONICS,6.430479370807718
2017-08-07,12,SCHOOL AND OFFICE SUPPLIES,1.4517434285410844
2017-08-15,49,LAWN AND GARDEN,35.34506758905104
2017-08-07,34,HOME AND KITCHEN I,29.585420261204835
2017-08-04,4,PERSONAL CARE,243.9740784391666
2017-08-15,41,BREAD/BAKERY,422.57863483580905
2017-08-11,34,LINGERIE,4.014556577120545
2017-08-08,12,PERSONAL CARE,177.8423468964196
2017-08-07,7,MAGAZINES,7.40792067109541
2017-08-14,16,CLEANING,738.6755282879387
2017-08-11,27,BEVERAGES,3041.0380417660263
2017-08-06,24,BOOKS,0.0
2017-08-09,5,AUTOMOTIVE,5.981045339271167
2017-08-02,23,BEAUTY,1.5397977153458853
2017-08-09,37,POULTRY,261.18838970425026
2017-08-05,35,PLAYERS AND ELECTRONICS,1.177644492242946
2017-08-15,15,SEAFOOD,4.123071325788225
2017-08-11,40,DAIRY,493.703620886242
2017-08-04,24,POULTRY,838.9244926432457
2017-08-07,4,SCHOOL AND OFFICE SUPPLIES,0.0
2017-08-03,37,BABY CARE,0.0051125258344124
2017-08-04,35,GROCERY I,1774.1360664791089
2017-08-04,21,AUTOMOTIVE,10.683024013013195
2017-08-14,6,BEVERAGES,2722.3847185105788
2017-08-07,44,"LIQUOR,WINE,BEER",217.6116748434575
2017-08-09,39,HOME AND KITCHEN I,18.95201230481942
2017-08-13,12,HOME CARE,147.96784430787966
2017-08-08,13,LINGERIE,2.78232835602018
2017-08-12,29,PRODUCE,1136.4048811966882
2017-08-12,26,CLEANING,363.5127979307082
2017-08-13,50,PET SUPPLIES,14.70233670735992
2017-08-11,30,GROCERY I,1820.15757251561
2017-08-08,52,"LIQUOR,WINE,BEER",176.63945410256403
2017-08-05,48,HOME AND KITCHEN II,102.87873877850063
2017-08-10,3,MEATS,562.2234220571524
2017-08-14,46,GROCERY I,8736.174135549903
2017-08-14,11,HOME CARE,385.2178019907869
2017-08-08,14,HARDWARE,0.411022971063231
2017-08-10,17,HOME APPLIANCES,0.0
2017-08-10,38,DAIRY,688.1787000508918
2017-08-03,29,PLAYERS AND ELECTRONICS,3.4525045244181323
2017-08-04,50,POULTRY,517.3032574489537
2017-08-12,13,"LIQUOR,WINE,BEER",75.82075177950503
2017-08-11,50,MAGAZINES,10.184028161132604
2017-08-03,51,DAIRY,1299.4817629717168
2017-08-08,21,PRODUCE,2168.790309405771
2017-08-07,54,CLEANING,1362.8340371968643
2017-08-13,1,GROCERY I,1004.5980735775396
2017-08-02,5,HOME CARE,246.81178194452804
2017-08-05,40,SEAFOOD,9.891586344411971
2017-08-11,6,LINGERIE,19.03406314339317
2017-08-13,14,LINGERIE,1.9346117158321523
2017-08-13,16,PERSONAL CARE,204.13692542698496
2017-08-12,45,FROZEN FOODS,422.6896908793164
2017-08-07,1,BREAD/BAKERY,366.2654719375736
2017-08-07,27,PERSONAL CARE,301.60826967623115
2017-08-15,41,HARDWARE,1.8854047603432345
2017-08-13,25,LAWN AND GARDEN,28.71188893894212
2017-08-02,44,SCHOOL AND OFFICE SUPPLIES,162.1140704115932
2017-08-11,49,HOME AND KITCHEN I,57.35502673241594
2017-08-05,1,MAGAZINES,6.683595729347041
2017-08-15,41,GROCERY II,27.44528191713989
2017-08-09,32,PLAYERS AND ELECTRONICS,0.6913434557116109
2017-08-02,14,HARDWARE,0.5192242366457926
2017-08-02,5,MEATS,239.38699936348576
2017-08-03,14,EGGS,30.502517712357147
2017-08-08,38,MEATS,130.93057396985424
2017-08-11,27,HOME AND KITCHEN II,27.873703971081103
2017-08-13,38,HOME CARE,331.0604751285281
2017-08-15,49,BEVERAGES,5484.066458869911
2017-08-06,1,BABY CARE,0.0
2017-08-14,11,CLEANING,1675.1491901774975
2017-08-12,37,PERSONAL CARE,265.57161207246054
2017-08-04,50,HOME AND KITCHEN II,35.86088928826665
2017-08-07,21,POULTRY,159.1753451268984
2017-08-09,17,PRODUCE,1171.315349326751
2017-08-08,21,HOME CARE,313.5529252457724
2017-08-13,48,MEATS,1080.2564470719456
2017-08-02,48,PET SUPPLIES,15.342166980919902
2017-08-13,42,MAGAZINES,12.122286436225718
2017-08-15,5,PRODUCE,1387.339300831239
2017-08-10,26,"LIQUOR,WINE,BEER",14.488490682490507
2017-08-04,45,BABY CARE,0.0
2017-08-14,45,PERSONAL CARE,683.2553596786781
2017-08-04,40,CLEANING,2471.9405795152147
2017-08-15,15,BEAUTY,4.666623377785727
2017-08-12,49,LADIESWEAR,16.10226776111852
2017-08-09,45,HOME APPLIANCES,0.9279056136652344
2017-08-07,23,HOME AND KITCHEN II,28.01584489214372
2017-08-07,23,SEAFOOD,8.492993744063273
2017-08-06,16,HOME AND KITCHEN I,12.03611274306944
2017-08-10,44,HOME CARE,441.8986063433532
2017-08-05,29,CLEANING,1211.8531483883935
2017-08-05,30,LAWN AND GARDEN,0.0
2017-08-12,46,SCHOOL AND OFFICE SUPPLIES,385.32429598243215
2017-08-09,15,MEATS,128.71253976564975
2017-08-13,4,SEAFOOD,38.55340384879113
2017-08-06,6,PREPARED FOODS,147.31625651909653
2017-08-10,48,DELI,508.6665124195719
2017-08-12,5,LINGERIE,13.58545400896542
2017-08-03,6,BREAD/BAKERY,446.3739933672711
2017-08-14,45,GROCERY I,10686.776550358823
2017-08-04,31,GROCERY I,4538.523734334937
2017-08-11,37,FROZEN FOODS,70.44388584344604
2017-08-08,32,EGGS,182.79676177740143
2017-08-12,34,EGGS,94.14770095704978
2017-08-06,18,EGGS,286.6155799982718
2017-08-10,39,DELI,189.7429512603881
2017-08-11,54,HOME AND KITCHEN II,8.125536037347096
2017-08-05,52,DAIRY,1460.6819806213346
2017-08-04,50,BABY CARE,0.0
2017-08-14,36,GROCERY II,7.16512132324293
2017-08-15,5,MEATS,223.41641498096388
2017-08-02,35,SEAFOOD,0.8777964099341542
2017-08-07,9,HOME APPLIANCES,0.0
2017-08-13,17,PREPARED FOODS,79.63106968306376
2017-08-11,18,AUTOMOTIVE,3.390326833332151
2017-08-14,29,PLAYERS AND ELECTRONICS,5.262510723431068
2017-08-10,19,DAIRY,279.485731941882
2017-08-13,28,"LIQUOR,WINE,BEER",0.0
2017-08-05,22,AUTOMOTIVE,5.127355736454424
2017-08-15,20,DAIRY,722.4771419934694
2017-08-08,47,SCHOOL AND OFFICE SUPPLIES,571.8843287054043
2017-08-09,20,FROZEN FOODS,70.42085759697514
2017-08-10,32,BOOKS,0.0
2017-08-14,45,PLAYERS AND ELECTRONICS,30.362299365624125
2017-08-15,40,PLAYERS AND ELECTRONICS,9.720798047717452
2017-08-10,53,LAWN AND GARDEN,8.839479219610451
2017-08-11,41,AUTOMOTIVE,8.890012362455831
2017-08-12,52,PRODUCE,5172.4140085570125
2017-08-12,47,SEAFOOD,79.11183805585529
2017-08-10,3,SCHOOL AND OFFICE SUPPLIES,0.8183034961836988
2017-08-04,25,"LIQUOR,WINE,BEER",215.4904331701203
2017-08-14,4,CELEBRATION,6.676705864799126
2017-08-15,50,DAIRY,1016.6029253421596
2017-08-08,22,DAIRY,313.6357677579525
2017-08-03,9,PERSONAL CARE,502.5979130760157
2017-08-08,38,HOME AND KITCHEN I,33.51238632490072
2017-08-10,43,POULTRY,270.2865765445637
2017-08-04,25,CELEBRATION,6.056145373727111
2017-08-04,37,PRODUCE,2435.7817097621646
2017-08-11,32,HOME AND KITCHEN I,7.9152171689569855
2017-08-12,4,PLAYERS AND ELECTRONICS,9.700119897222336
2017-08-11,16,PREPARED FOODS,32.85150819678068
2017-08-05,6,BEAUTY,9.712604969244886
2017-08-09,8,DELI,247.89210231446785
2017-08-02,54,HOME APPLIANCES,0.0
2017-08-11,26,PRODUCE,495.0877665740054
2017-08-11,43,LADIESWEAR,0.0
2017-08-10,7,CLEANING,890.3151804193819
2017-08-15,25,BREAD/BAKERY,398.1271511004456
2017-08-05,46,LINGERIE,15.423942731397192
2017-08-11,2,PET SUPPLIES,10.372827204971042
2017-08-05,10,DELI,318.3222273570637
2017-08-09,12,AUTOMOTIVE,4.307014297552055
2017-08-13,19,GROCERY I,3195.467182815935
2017-08-07,9,SEAFOOD,18.731650399199022
2017-08-06,10,PERSONAL CARE,264.3526440596971
2017-08-15,35,HOME APPLIANCES,0.0983207774003109
2017-08-11,17,HARDWARE,1.616980775076078
2017-08-13,8,GROCERY II,44.00846701053808
2017-08-08,49,GROCERY II,61.89916538832469
2017-08-12,42,BEAUTY,6.301631445240811
2017-08-05,36,PERSONAL CARE,252.6432285659768
2017-08-04,4,HARDWARE,2.033864406790059
2017-08-08,35,FROZEN FOODS,18.690682342647555
2017-08-13,27,POULTRY,502.8396615086725
2017-08-09,38,CELEBRATION,10.09906343025438
2017-08-11,51,CELEBRATION,13.312213703109954
2017-08-09,44,GROCERY II,84.79834121659071
2017-08-07,19,CLEANING,950.2373596926462
2017-08-06,47,PERSONAL CARE,1263.3649655354398
2017-08-11,22,GROCERY II,8.813748444371072
2017-08-15,12,HOME APPLIANCES,0.0
2017-08-08,35,BABY CARE,0.0
2017-08-06,43,PLAYERS AND ELECTRONICS,3.615749756862264
2017-08-09,9,HOME AND KITCHEN I,43.97665450719876
2017-08-04,22,GROCERY II,10.991341373141523
2017-08-13,1,GROCERY II,3.089397800828081
2017-08-13,11,BREAD/BAKERY,760.290135630979
2017-08-09,24,PRODUCE,5903.491928455507
2017-08-06,48,HOME CARE,957.5555547648664
2017-08-10,20,BOOKS,0.0
2017-08-13,46,GROCERY I,12538.762220219538
2017-08-06,54,AUTOMOTIVE,8.314703053813002
2017-08-13,6,MEATS,563.5334034375355
2017-08-04,17,BABY CARE,1.5644439164458406
2017-08-10,34,BOOKS,0.0
2017-08-08,48,EGGS,103.45107758214704
