id,date,store_nbr,family,sales,onpromotion
1016895,2014-07-26,41,AUTOMOTIVE,3.0,0
121235,2013-03-10,10,PET SUPPLIES,0.0,0
488669,2013-10-02,20,BREAD/BAKERY,0.0,0
2066791,2016-03-08,5,BABY CARE,0.0,0
2502014,2016-11-08,11,LAWN AND GARDEN,1.0,0
197514,2013-04-21,50,DELI,571.485,0
2349454,2016-08-14,30,LADIESWEAR,1.0,0
2318771,2016-07-28,2,PET SUPPLIES,5.0,0
2219510,2016-06-02,34,PREPARED FOODS,31.0,0
1800913,2015-10-10,4,BOOKS,0.0,0
1667247,2015-07-27,39,LINGERIE,6.0,0
2519551,2016-11-17,53,BABY CARE,0.0,0
1869765,2015-11-18,21,HOME CARE,234.0,0
1971396,2016-01-15,23,DELI,113.468,44
760142,2014-03-04,37,LAWN AND GARDEN,8.0,0
2835519,2017-05-15,19,PLAYERS AND ELECTRONICS,7.0,0
254707,2013-05-23,6,GROCERY II,51.0,0
127008,2013-03-13,22,MEATS,0.0,0
540392,2013-10-31,21,HOME APPLIANCES,0.0,0
2013544,2016-02-07,6,HOME AND KITCHEN II,150.0,2
1252837,2014-12-06,11,PERSONAL CARE,591.0,0
174626,2013-04-08,9,MAGAZINES,0.0,0
1949144,2016-01-02,48,SEAFOOD,47.044,0
1671630,2015-07-30,12,HOME AND KITCHEN I,10.0,0
2362946,2016-08-22,1,HARDWARE,2.0,0
2550694,2016-12-05,27,PERSONAL CARE,224.0,5
168921,2013-04-05,48,PLAYERS AND ELECTRONICS,0.0,0
1549516,2015-05-22,36,BABY CARE,0.0,0
2742176,2017-03-23,5,DAIRY,492.0,26
915417,2014-05-30,43,PRODUCE,0.0,0
195695,2013-04-20,5,BREAD/BAKERY,369.513,0
1783709,2015-09-30,7,PET SUPPLIES,1.0,0
489008,2013-10-02,3,HARDWARE,4.0,0
454001,2013-09-12,47,LAWN AND GARDEN,10.0,0
2794374,2017-04-22,15,AUTOMOTIVE,4.0,0
1245521,2014-12-01,7,BEAUTY,5.0,0
2495421,2016-11-04,26,PLAYERS AND ELECTRONICS,0.0,0
1812256,2015-10-16,8,POULTRY,943.308,38
2175071,2016-05-08,38,DAIRY,1072.0,6
681570,2014-01-19,32,LINGERIE,3.0,0
115036,2013-03-06,36,SCHOOL AND OFFICE SUPPLIES,0.0,0
2237224,2016-06-12,31,"LIQUOR,WINE,BEER",14.0,1
835557,2014-04-15,52,PRODUCE,0.0,0
311277,2013-06-24,42,LINGERIE,0.0,0
402355,2013-08-14,48,LADIESWEAR,0.0,0
2688975,2017-02-21,8,BEVERAGES,4599.0,16
584583,2013-11-25,11,LINGERIE,10.0,0
1263320,2014-12-11,6,HARDWARE,0.0,0
1197240,2014-11-04,51,AUTOMOTIVE,3.0,0
352117,2013-07-17,39,CLEANING,744.0,0
587125,2013-11-26,32,"LIQUOR,WINE,BEER",1.0,0
901192,2014-05-22,44,POULTRY,862.395,0
1746748,2015-09-10,2,PERSONAL CARE,204.0,3
2203782,2016-05-24,43,DELI,213.0,4
2402517,2016-09-13,2,HOME CARE,214.0,2
1075626,2014-08-28,39,MEATS,129.564,19
2774041,2017-04-10,43,POULTRY,170.711,0
2803746,2017-04-27,28,AUTOMOTIVE,13.0,0
2012321,2016-02-07,21,HARDWARE,0.0,0
1685397,2015-08-06,48,LINGERIE,2.0,0
1938618,2015-12-27,53,AUTOMOTIVE,4.0,0
774872,2014-03-12,5,SEAFOOD,21.615,0
1046199,2014-08-12,14,AUTOMOTIVE,0.0,0
2201111,2016-05-23,19,FROZEN FOODS,56.0,2
1357284,2015-02-03,41,PLAYERS AND ELECTRONICS,0.0,0
1113797,2014-09-19,10,HARDWARE,0.0,0
1078407,2014-08-30,18,AUTOMOTIVE,4.0,0
2966905,2017-07-27,6,CLEANING,1005.0,14
2980901,2017-08-04,48,FROZEN FOODS,189.465,2
235948,2013-05-13,29,SCHOOL AND OFFICE SUPPLIES,0.0,0
2328214,2016-08-02,34,SCHOOL AND OFFICE SUPPLIES,3.0,0
1596357,2015-06-17,5,HOME AND KITCHEN I,6.0,0
2056253,2016-03-02,53,MAGAZINES,5.0,0
257022,2013-05-25,20,HOME CARE,0.0,0
1940163,2015-12-28,46,PLAYERS AND ELECTRONICS,25.0,0
1561436,2015-05-29,20,DAIRY,378.0,1
2611264,2017-01-09,27,CLEANING,857.0,10
587159,2013-11-26,33,MAGAZINES,0.0,0
2708312,2017-03-04,5,BEAUTY,6.0,1
1571613,2015-06-03,6,LINGERIE,14.0,0
579231,2013-11-22,11,HOME AND KITCHEN I,0.0,0
1561783,2015-05-29,3,PERSONAL CARE,380.0,2
479293,2013-09-26,8,BABY CARE,0.0,0
179221,2013-04-11,37,SCHOOL AND OFFICE SUPPLIES,0.0,0
387421,2013-08-06,3,BABY CARE,0.0,0
2388417,2016-09-05,24,DELI,266.926,4
2503481,2016-11-08,52,BEAUTY,0.0,0
874147,2014-05-07,36,EGGS,62.0,0
1086966,2014-09-03,8,GROCERY I,4930.0,2
1380585,2015-02-16,45,PRODUCE,62.0,0
2307285,2016-07-21,47,MEATS,619.328,0
2195031,2016-05-19,48,BEVERAGES,2564.0,24
723935,2014-02-12,21,HARDWARE,0.0,0
1656960,2015-07-21,5,PRODUCE,1371.156,0
148446,2013-03-25,24,GROCERY I,3595.0,0
475108,2013-09-24,4,CLEANING,664.0,0
596820,2013-12-01,54,HOME AND KITCHEN I,0.0,0
2364994,2016-08-23,17,HOME AND KITCHEN II,34.0,0
860536,2014-04-29,53,POULTRY,0.0,0
684763,2014-01-21,22,GROCERY II,0.0,0
266359,2013-05-30,32,HOME AND KITCHEN II,0.0,0
480639,2013-09-27,44,PLAYERS AND ELECTRONICS,0.0,0
1966530,2016-01-12,36,PLAYERS AND ELECTRONICS,5.0,0
1114626,2014-09-19,33,HOME CARE,171.0,0
1264698,2014-12-12,44,CELEBRATION,23.0,0
1142080,2014-10-04,53,HOME AND KITCHEN II,6.0,0
1723514,2015-08-28,18,MAGAZINES,0.0,0
663375,2014-01-09,22,DELI,0.0,0
802491,2014-03-28,25,PRODUCE,2173.97,0
1192293,2014-11-02,13,BEVERAGES,1123.0,0
2925646,2017-07-04,47,SCHOOL AND OFFICE SUPPLIES,12.0,0
2863681,2017-05-31,1,CLEANING,857.0,33
2520651,2016-11-18,34,GROCERY I,3897.639,61
2964376,2017-07-26,34,LADIESWEAR,0.0,0
914582,2014-05-30,20,LAWN AND GARDEN,0.0,0
2541962,2016-11-30,32,BREAD/BAKERY,83.0,2
5667,2013-01-04,18,MEATS,26.728,0
1526204,2015-05-09,31,LAWN AND GARDEN,1.0,0
2326499,2016-08-01,36,SEAFOOD,1.0,0
2325385,2016-07-31,6,CLEANING,1651.0,10
2726162,2017-03-14,5,SEAFOOD,5.434,0
440433,2013-09-05,17,HOME AND KITCHEN I,0.0,0
2709614,2017-03-05,36,HOME APPLIANCES,0.0,0
2032158,2016-02-18,28,HOME CARE,192.0,1
1492512,2015-04-20,36,LINGERIE,1.0,0
1040217,2014-08-08,45,MEATS,2278.054,52
2114844,2016-04-04,48,CELEBRATION,16.0,1
2802247,2017-04-26,35,LADIESWEAR,0.0,0
83817,2013-02-17,10,PRODUCE,0.0,0
296753,2013-06-16,35,HOME APPLIANCES,1.0,0
981666,2014-07-06,52,HOME AND KITCHEN I,0.0,0
2329274,2016-08-03,15,BEAUTY,1.0,0
763308,2014-03-06,26,HOME CARE,104.0,0
2951166,2017-07-19,14,DELI,184.0,5
84224,2013-02-17,22,DAIRY,0.0,0
779967,2014-03-15,43,GROCERY I,2609.0,0
1252526,2014-12-05,52,FROZEN FOODS,0.0,0
348804,2013-07-15,45,PLAYERS AND ELECTRONICS,0.0,0
1044860,2014-08-11,26,HARDWARE,0.0,0
132703,2013-03-16,32,EGGS,32.0,0
1930051,2015-12-22,13,GROCERY II,27.0,0
2118115,2016-04-06,4,EGGS,138.0,0
942485,2014-06-14,53,BREAD/BAKERY,462.305,0
1546331,2015-05-20,46,HOME APPLIANCES,6.0,0
2845950,2017-05-21,11,PRODUCE,1564.031,5
1842380,2015-11-02,52,MAGAZINES,0.0,0
879147,2014-05-10,26,PLAYERS AND ELECTRONICS,0.0,0
998843,2014-07-16,34,SEAFOOD,0.0,0
791983,2014-03-22,30,HOME AND KITCHEN II,7.0,0
1978932,2016-01-19,34,LINGERIE,10.0,0
527976,2013-10-24,23,DELI,83.068,0
2245006,2016-06-16,5,HOME AND KITCHEN II,19.0,1
1641869,2015-07-13,27,LAWN AND GARDEN,5.0,0
217567,2013-05-03,13,SCHOOL AND OFFICE SUPPLIES,0.0,0
1389316,2015-02-21,40,HOME AND KITCHEN II,15.0,0
1889476,2015-11-29,24,POULTRY,560.0,0
1362879,2015-02-06,49,GROCERY I,5431.0,6
1536526,2015-05-15,21,GROCERY II,0.0,0
2658855,2017-02-05,12,GROCERY I,3187.0,28
1225402,2014-11-20,41,GROCERY II,10.0,0
2298101,2016-07-16,4,HARDWARE,2.0,0
396462,2013-08-11,33,AUTOMOTIVE,1.0,0
588822,2013-11-27,30,BEVERAGES,397.0,0
657891,2014-01-06,19,BEVERAGES,1573.0,0
1246014,2014-12-02,20,AUTOMOTIVE,0.0,0
1494011,2015-04-21,29,BEAUTY,0.0,0
2507101,2016-11-10,53,PERSONAL CARE,136.0,8
2518699,2016-11-17,3,CLEANING,1632.0,13
724005,2014-02-12,23,HOME CARE,0.0,0
2526983,2016-11-22,12,DAIRY,447.0,11
136988,2013-03-18,52,BREAD/BAKERY,0.0,0
1338032,2015-01-23,51,HARDWARE,1.0,0
1821647,2015-10-22,21,HARDWARE,2.0,0
35992,2013-01-21,19,"LIQUOR,WINE,BEER",8.0,0
1260902,2014-12-10,38,BREAD/BAKERY,552.531,2
2198931,2016-05-21,8,DELI,337.562,7
451836,2013-09-11,37,AUTOMOTIVE,9.0,0
1759947,2015-09-17,4,MEATS,271.607,0
1869290,2015-11-17,9,BREAD/BAKERY,451.0,1
2492026,2016-11-02,30,SCHOOL AND OFFICE SUPPLIES,0.0,0
1077670,2014-08-29,46,"LIQUOR,WINE,BEER",168.0,0
184964,2013-04-14,48,SEAFOOD,43.56,0
2333842,2016-08-05,42,HOME AND KITCHEN II,2.0,0
1022982,2014-07-30,12,HOME AND KITCHEN I,1.0,0
2597300,2017-01-01,35,BEAUTY,0.0,0
2222364,2016-06-04,15,GROCERY I,3353.0,28
180929,2013-04-12,35,MAGAZINES,0.0,0
2241561,2016-06-14,53,BEVERAGES,2188.0,20
505170,2013-10-11,33,CELEBRATION,0.0,0
669238,2014-01-12,36,SCHOOL AND OFFICE SUPPLIES,0.0,0
2054335,2016-03-01,5,LADIESWEAR,7.0,0
1430275,2015-03-16,4,"LIQUOR,WINE,BEER",25.0,0
2128090,2016-04-12,2,LADIESWEAR,19.0,0
1117068,2014-09-20,51,HOME CARE,326.0,0
1808134,2015-10-14,41,SCHOOL AND OFFICE SUPPLIES,0.0,0
2596854,2017-01-01,22,HOME CARE,0.0,0
2502789,2016-11-08,33,BEVERAGES,1439.0,43
2637210,2017-01-23,54,HOME AND KITCHEN I,20.0,0
2142479,2016-04-20,23,LAWN AND GARDEN,0.0,0
2758902,2017-04-02,2,BEVERAGES,4874.0,7
1877292,2015-11-22,32,LINGERIE,0.0,0
2334917,2016-08-06,23,BEAUTY,3.0,0
2034054,2016-02-19,31,AUTOMOTIVE,10.0,0
1335042,2015-01-22,18,PLAYERS AND ELECTRONICS,0.0,0
656587,2014-01-05,31,LADIESWEAR,4.0,0
2836633,2017-05-15,5,LADIESWEAR,12.0,0
2074285,2016-03-13,10,BOOKS,0.0,0
2524251,2016-11-20,35,HOME AND KITCHEN I,7.0,1
2547050,2016-12-03,25,FROZEN FOODS,147.01,1
2790921,2017-04-20,18,GROCERY I,2409.352,83
2401573,2016-09-12,42,SCHOOL AND OFFICE SUPPLIES,0.0,0
2230606,2016-06-08,46,BOOKS,0.0,0
2182643,2016-05-12,5,MAGAZINES,10.0,0
1878047,2015-11-22,53,HOME APPLIANCES,0.0,0
1125211,2014-09-25,30,EGGS,138.0,8
1537626,2015-05-15,51,MEATS,1063.717,48
2697843,2017-02-26,6,PLAYERS AND ELECTRONICS,13.0,0
454347,2013-09-12,8,BEVERAGES,1293.0,0
330808,2013-07-05,40,HOME AND KITCHEN II,0.0,0
219859,2013-05-04,28,GROCERY II,6.0,0
2629380,2017-01-19,35,CELEBRATION,1.0,0
2607463,2017-01-07,20,BABY CARE,0.0,0
2491150,2016-11-01,7,GROCERY II,38.0,0
1843166,2015-11-03,25,HOME APPLIANCES,0.0,0
2018929,2016-02-10,7,"LIQUOR,WINE,BEER",99.0,0
2971528,2017-07-30,35,EGGS,172.0,1
931564,2014-06-08,47,CLEANING,3586.0,0
2882785,2017-06-10,45,BOOKS,0.0,0
1326425,2015-01-17,26,MAGAZINES,0.0,0
1500486,2015-04-25,10,DELI,273.0,0
2741378,2017-03-23,28,BEAUTY,2.0,0
2701005,2017-02-28,44,LINGERIE,23.0,0
855767,2014-04-27,20,FROZEN FOODS,0.0,0
2814159,2017-05-03,2,HOME CARE,290.0,9
2200319,2016-05-22,46,FROZEN FOODS,386.322,3
1517615,2015-05-04,40,FROZEN FOODS,39.0,0
616630,2013-12-13,10,PERSONAL CARE,127.0,0
2661512,2017-02-06,36,PREPARED FOODS,51.124,2
1553953,2015-05-25,10,HOME AND KITCHEN II,10.0,1
2645228,2017-01-28,3,HARDWARE,2.0,0
1671664,2015-07-30,13,HOME AND KITCHEN II,11.0,0
1028524,2014-08-02,18,GROCERY II,24.0,0
2097103,2016-03-25,5,LADIESWEAR,20.0,0
2830176,2017-05-12,19,PRODUCE,321.064,2
95967,2013-02-23,51,BEVERAGES,2860.0,0
1184910,2014-10-28,6,GROCERY I,3507.0,1
1065094,2014-08-22,43,LADIESWEAR,0.0,0
1600818,2015-06-20,25,LINGERIE,5.0,0
1776755,2015-09-27,12,BEAUTY,3.0,0
2735337,2017-03-19,9,AUTOMOTIVE,20.0,0
2369581,2016-08-25,45,HOME AND KITCHEN II,43.0,1
1373519,2015-02-12,47,PET SUPPLIES,0.0,0
2061449,2016-03-05,5,BREAD/BAKERY,381.996,1
1493628,2015-04-21,18,HOME AND KITCHEN I,14.0,0
1991717,2016-01-26,43,BEAUTY,1.0,0
2873586,2017-06-05,37,GROCERY I,4565.0,42
1161343,2014-10-15,44,CLEANING,2723.0,1
1902719,2015-12-06,46,BREAD/BAKERY,1346.449,1
726405,2014-02-13,40,DELI,174.0,0
859310,2014-04-29,2,MAGAZINES,0.0,0
1557923,2015-05-27,21,PET SUPPLIES,0.0,0
1102926,2014-09-12,6,AUTOMOTIVE,4.0,0
495015,2013-10-05,48,HOME AND KITCHEN I,0.0,0
1974412,2016-01-16,8,"LIQUOR,WINE,BEER",296.0,0
561085,2013-11-11,51,LADIESWEAR,0.0,0
2696985,2017-02-26,31,PLAYERS AND ELECTRONICS,3.0,0
566606,2013-11-14,7,PREPARED FOODS,173.813,0
2262548,2016-06-26,42,BEAUTY,10.0,0
862202,2014-04-30,50,FROZEN FOODS,143.713,0
1518400,2015-05-05,13,BOOKS,0.0,0
111430,2013-03-04,35,"LIQUOR,WINE,BEER",28.0,0
2434358,2016-10-01,13,HARDWARE,2.0,0
2880202,2017-06-09,22,POULTRY,291.45,10
1265751,2014-12-13,24,BEVERAGES,4514.0,2
2802253,2017-04-26,35,PERSONAL CARE,84.0,37
142182,2013-03-21,48,HOME CARE,0.0,0
521438,2013-10-20,4,BREAD/BAKERY,593.641,0
621509,2013-12-15,47,LAWN AND GARDEN,16.0,0
1407615,2015-03-03,54,AUTOMOTIVE,3.0,0
1764012,2015-09-19,53,PRODUCE,1712.758,0
1057228,2014-08-18,23,CLEANING,663.0,0
867767,2014-05-03,7,SEAFOOD,58.501,0
2669433,2017-02-10,9,PRODUCE,1299.655,1
2184787,2016-05-14,10,"LIQUOR,WINE,BEER",18.0,0
664988,2014-01-10,18,BREAD/BAKERY,639.0,0
1836791,2015-10-30,46,FROZEN FOODS,230.626,2
2637853,2017-01-24,22,SCHOOL AND OFFICE SUPPLIES,0.0,0
1906202,2015-12-08,43,MAGAZINES,0.0,0
1503439,2015-04-26,42,PERSONAL CARE,0.0,0
1295840,2014-12-31,18,PREPARED FOODS,31.0,0
1099818,2014-09-11,18,PLAYERS AND ELECTRONICS,4.0,0
2163991,2016-05-02,27,HOME AND KITCHEN II,12.0,0
2179619,2016-05-11,16,BEAUTY,1.0,0
8610,2013-01-05,5,PRODUCE,0.0,0
1007693,2014-07-21,33,BREAD/BAKERY,339.0,0
2471794,2016-10-22,13,POULTRY,177.299,0
2430882,2016-09-29,16,BEVERAGES,845.0,7
2335445,2016-08-06,38,BEAUTY,14.0,0
1976653,2016-01-18,20,LADIESWEAR,0.0,0
768729,2014-03-09,28,PLAYERS AND ELECTRONICS,9.0,0
936405,2014-06-11,32,PRODUCE,0.0,0
2247019,2016-06-17,7,HOME AND KITCHEN II,13.0,1
1545811,2015-05-20,31,PERSONAL CARE,215.0,0
1814471,2015-10-18,2,SEAFOOD,48.949,0
410078,2013-08-19,15,LAWN AND GARDEN,0.0,0
1171033,2014-10-21,16,POULTRY,87.465004,0
1972228,2016-01-15,46,HOME AND KITCHEN II,85.0,1
2797549,2017-04-23,53,CLEANING,1226.0,40
1544147,2015-05-19,35,FROZEN FOODS,54.0,0
2073981,2016-03-12,50,PRODUCE,2718.738,0
539943,2013-10-30,9,PRODUCE,0.0,0
1768074,2015-09-22,19,AUTOMOTIVE,9.0,0
1396412,2015-02-25,4,HOME APPLIANCES,0.0,0
2228349,2016-06-07,32,MEATS,69.438995,0
304698,2013-06-20,9,DELI,461.889,0
178597,2013-04-11,20,BABY CARE,0.0,0
2821718,2017-05-07,31,LAWN AND GARDEN,4.0,0
1129669,2014-09-27,6,GROCERY II,76.0,0
730050,2014-02-15,42,MEATS,0.0,0
1876562,2015-11-22,12,HOME APPLIANCES,1.0,0
2335242,2016-08-06,31,PRODUCE,1284.624,2
1763730,2015-09-19,46,GROCERY I,10539.0,9
1247662,2014-12-03,16,SCHOOL AND OFFICE SUPPLIES,0.0,0
376336,2013-07-31,19,BOOKS,0.0,0
1484091,2015-04-15,5,HOME AND KITCHEN I,22.0,0
1204342,2014-11-08,50,CLEANING,2257.0,0
146316,2013-03-24,14,PLAYERS AND ELECTRONICS,0.0,0
734041,2014-02-17,54,"LIQUOR,WINE,BEER",5.0,0
1939447,2015-12-28,27,BOOKS,0.0,0
1500151,2015-04-24,50,BOOKS,0.0,0
1415817,2015-03-08,34,HOME CARE,0.0,0
1481442,2015-04-14,26,CELEBRATION,0.0,0
1368062,2015-02-09,44,HARDWARE,7.0,0
666267,2014-01-10,52,PRODUCE,0.0,0
2470376,2016-10-21,23,PREPARED FOODS,28.735,1
1727,2013-01-01,8,FROZEN FOODS,0.0,0
1935424,2015-12-26,14,CLEANING,1852.0,0
2790555,2017-04-19,8,DELI,299.816,4
1602262,2015-06-21,16,GROCERY II,9.0,0
1228574,2014-11-22,30,HOME APPLIANCES,0.0,0
1988134,2016-01-24,42,HOME AND KITCHEN II,21.0,1
1095046,2014-09-08,34,CLEANING,1013.0,2
190713,2013-04-18,10,CELEBRATION,0.0,0
619123,2013-12-14,30,EGGS,110.0,0
179360,2013-04-11,41,BREAD/BAKERY,161.773,0
2426760,2016-09-26,5,CELEBRATION,24.0,0
248871,2013-05-20,41,HOME CARE,0.0,0
1582857,2015-06-10,21,GROCERY I,0.0,0
2185399,2016-05-14,28,CLEANING,1537.0,16
2995705,2017-08-13,13,SCHOOL AND OFFICE SUPPLIES,12.0,6
1714623,2015-08-23,19,DELI,318.0,0
1377844,2015-02-15,19,POULTRY,40.843,0
557474,2013-11-09,50,BREAD/BAKERY,509.714,0
136658,2013-03-18,43,BREAD/BAKERY,230.0,0
896687,2014-05-20,19,FROZEN FOODS,14.0,0
1947534,2016-01-01,53,CELEBRATION,0.0,0
2974465,2017-08-01,18,EGGS,200.0,1
2059720,2016-03-04,50,PERSONAL CARE,512.0,6
1670097,2015-07-29,2,AUTOMOTIVE,8.0,0
195279,2013-04-20,38,HOME CARE,0.0,0
2466198,2016-10-18,7,DELI,116.361,0
1200648,2014-11-06,47,DELI,409.652,2
1208139,2014-11-10,8,DELI,243.883,1
562900,2013-11-12,52,LADIESWEAR,0.0,0
66354,2013-02-07,20,MEATS,0.0,0
1926403,2015-12-20,10,POULTRY,287.211,0
1744058,2015-09-08,44,DAIRY,1846.0,4
2386118,2016-09-04,1,LAWN AND GARDEN,0.0,0
824252,2014-04-09,36,FROZEN FOODS,37.0,0
1565157,2015-05-31,25,AUTOMOTIVE,3.0,0
1641180,2015-07-12,8,MEATS,443.954,0
2639748,2017-01-25,26,GROCERY I,1513.0,57
2445974,2016-10-07,39,HARDWARE,1.0,0
2300749,2016-07-18,14,"LIQUOR,WINE,BEER",18.0,0
677473,2014-01-17,18,HOME AND KITCHEN II,14.0,0
1180573,2014-10-26,33,SCHOOL AND OFFICE SUPPLIES,0.0,0
2435124,2016-10-01,34,LINGERIE,1.0,0
2446920,2016-10-08,16,BEVERAGES,1265.0,7
1055454,2014-08-17,23,HOME AND KITCHEN I,0.0,0
591654,2013-11-29,1,PRODUCE,8.0,0
2874550,2017-06-06,14,LADIESWEAR,0.0,0
877734,2014-05-09,37,AUTOMOTIVE,4.0,0
355602,2013-07-19,36,PLAYERS AND ELECTRONICS,0.0,0
578451,2013-11-21,39,PLAYERS AND ELECTRONICS,0.0,0
2456606,2016-10-13,37,LAWN AND GARDEN,12.0,0
530633,2013-10-25,47,PET SUPPLIES,0.0,0
448625,2013-09-09,46,MAGAZINES,0.0,0
987950,2014-07-10,29,PREPARED FOODS,0.0,0
1423804,2015-03-12,9,LADIESWEAR,0.0,0
1917191,2015-12-14,51,MAGAZINES,26.0,0
2147993,2016-04-23,28,MAGAZINES,4.0,0
2844859,2017-05-20,30,POULTRY,133.429,1
419746,2013-08-24,36,LADIESWEAR,0.0,0
164171,2013-04-03,15,PREPARED FOODS,20.0,0
1047050,2014-08-12,37,PET SUPPLIES,0.0,0
2990181,2017-08-09,9,HOME CARE,359.0,7
2160098,2016-04-30,18,HOME APPLIANCES,1.0,0
2841893,2017-05-18,47,SEAFOOD,64.89,1
2543054,2016-12-01,13,DAIRY,273.0,13
276456,2013-06-05,16,HOME AND KITCHEN I,0.0,0
2557400,2016-12-09,15,SEAFOOD,5.0,0
1930996,2015-12-22,4,BABY CARE,0.0,0
562543,2013-11-12,42,PERSONAL CARE,0.0,0
451011,2013-09-11,14,AUTOMOTIVE,0.0,0
1132649,2014-09-29,39,MAGAZINES,0.0,0
1785724,2015-10-02,13,POULTRY,107.308,11
1289768,2014-12-27,47,PREPARED FOODS,304.82,0
1866245,2015-11-16,22,PREPARED FOODS,40.0,0
913575,2014-05-29,42,BEVERAGES,0.0,0
2946162,2017-07-16,23,LINGERIE,1.0,0
125699,2013-03-12,36,BEAUTY,0.0,0
1683681,2015-08-05,5,LINGERIE,20.0,0
2240451,2016-06-14,22,HOME AND KITCHEN I,45.0,0
112793,2013-03-05,23,SEAFOOD,16.248001,0
882729,2014-05-12,27,GROCERY I,2707.0,0
1242471,2014-11-30,20,LINGERIE,0.0,0
130929,2013-03-15,32,HOME CARE,0.0,0
1892323,2015-11-30,54,BOOKS,0.0,0
1002432,2014-07-18,35,MEATS,148.765,0
1620966,2015-07-01,40,CELEBRATION,11.0,0
685391,2014-01-21,4,HARDWARE,2.0,0
2174981,2016-05-08,35,HOME APPLIANCES,0.0,0
147286,2013-03-24,41,CLEANING,752.0,0
994840,2014-07-14,22,"LIQUOR,WINE,BEER",0.0,0
2086271,2016-03-19,46,FROZEN FOODS,356.862,0
2274673,2016-07-03,32,HOME AND KITCHEN II,2.0,0
1329121,2015-01-18,51,GROCERY II,36.0,0
1771345,2015-09-24,10,BOOKS,0.0,0
342493,2013-07-12,19,LADIESWEAR,0.0,0
751686,2014-02-27,5,GROCERY I,2624.0,0
2685607,2017-02-20,13,BABY CARE,0.0,0
1800433,2015-10-10,26,LADIESWEAR,5.0,0
1855017,2015-11-09,8,LINGERIE,25.0,0
666447,2014-01-10,9,GROCERY I,3490.471,0
1768374,2015-09-22,27,BEVERAGES,2094.0,7
1640013,2015-07-12,25,GROCERY I,1752.0,5
117027,2013-03-07,42,DELI,0.0,0
2592949,2016-12-30,13,CLEANING,1000.0,31
206202,2013-04-26,44,HOME CARE,0.0,0
2761465,2017-04-03,40,PERSONAL CARE,390.0,15
381912,2013-08-03,25,BEVERAGES,1180.0,0
279915,2013-06-07,13,DELI,100.0,0
2456508,2016-10-13,34,LINGERIE,4.0,0
1800700,2015-10-10,33,"LIQUOR,WINE,BEER",51.0,0
2340180,2016-08-09,20,HOME CARE,294.0,8
551177,2013-11-06,24,FROZEN FOODS,154.585,0
2114390,2016-04-04,35,HARDWARE,1.0,0
541085,2013-10-31,40,HOME APPLIANCES,0.0,0
2529733,2016-11-23,39,LADIESWEAR,4.0,0
845575,2014-04-21,34,HOME AND KITCHEN II,0.0,0
1531777,2015-05-12,38,HOME AND KITCHEN II,8.0,0
278701,2013-06-06,29,HOME AND KITCHEN II,0.0,0
2348873,2016-08-14,14,SEAFOOD,0.0,0
1608986,2015-06-24,54,BREAD/BAKERY,188.0,0
155371,2013-03-29,19,CLEANING,662.0,0
2793666,2017-04-21,44,HOME CARE,576.0,5
1510575,2015-04-30,43,AUTOMOTIVE,8.0,0
2359246,2016-08-19,6,EGGS,144.0,29
1215636,2014-11-15,18,HOME AND KITCHEN I,11.0,0
2547491,2016-12-03,37,MAGAZINES,11.0,0
650914,2014-01-02,22,"LIQUOR,WINE,BEER",0.0,0
827140,2014-04-11,17,POULTRY,200.52,0
1889443,2015-11-29,23,POULTRY,310.928,0
2721306,2017-03-12,14,PLAYERS AND ELECTRONICS,12.0,0
1434565,2015-03-19,10,"LIQUOR,WINE,BEER",11.0,0
679949,2014-01-18,37,HOME APPLIANCES,1.0,0
1028377,2014-08-02,13,SCHOOL AND OFFICE SUPPLIES,0.0,0
176110,2013-04-09,5,"LIQUOR,WINE,BEER",31.0,0
2405946,2016-09-15,16,HOME AND KITCHEN I,10.0,0
1477195,2015-04-11,7,HOME AND KITCHEN II,7.0,0
1816631,2015-10-19,30,HARDWARE,2.0,0
1829648,2015-10-26,45,PREPARED FOODS,238.948,0
710501,2014-02-04,44,FROZEN FOODS,392.505,0
2889228,2017-06-14,26,GROCERY I,1162.0,40
1387053,2015-02-20,27,PRODUCE,7.0,0
128452,2013-03-14,13,HOME AND KITCHEN II,0.0,0
81966,2013-02-15,9,PLAYERS AND ELECTRONICS,0.0,0
1476056,2015-04-11,24,SEAFOOD,41.699,0
2301502,2016-07-18,35,HOME AND KITCHEN II,4.0,0
1537635,2015-05-15,52,AUTOMOTIVE,0.0,0
110310,2013-03-03,53,MEATS,0.0,0
1898249,2015-12-04,20,MAGAZINES,1.0,0
1003615,2014-07-19,19,LADIESWEAR,15.0,0
2136243,2016-04-16,48,LINGERIE,3.0,0
345838,2013-07-14,12,SCHOOL AND OFFICE SUPPLIES,0.0,0
1026349,2014-07-31,7,HOME AND KITCHEN II,7.0,0
1192195,2014-11-02,10,BOOKS,0.0,0
1091502,2014-09-06,34,PLAYERS AND ELECTRONICS,9.0,0
2261293,2016-06-25,8,BABY CARE,0.0,0
1704375,2015-08-17,30,MEATS,61.875,0
2531222,2016-11-24,30,MAGAZINES,0.0,0
825312,2014-04-10,16,HOME AND KITCHEN I,0.0,0
2811676,2017-05-01,5,EGGS,128.0,2
347302,2013-07-14,53,EGGS,0.0,0
2593858,2016-12-30,38,PERSONAL CARE,456.0,11
215700,2013-05-02,11,GROCERY I,6217.0,0
164925,2013-04-03,36,MEATS,0.0,0
885199,2014-05-13,46,CLEANING,1412.0,0
517298,2013-10-18,23,MAGAZINES,0.0,0
54364,2013-01-31,34,GROCERY II,5.0,0
764674,2014-03-07,14,SCHOOL AND OFFICE SUPPLIES,0.0,0
665227,2014-01-10,24,GROCERY II,9.0,0
2206749,2016-05-26,27,CELEBRATION,21.0,0
2992333,2017-08-11,19,PERSONAL CARE,227.0,7
1061261,2014-08-20,36,HARDWARE,0.0,0
2224050,2016-06-05,12,HOME AND KITCHEN I,11.0,0
1962616,2016-01-10,27,CLEANING,1274.0,1
2307794,2016-07-22,12,BREAD/BAKERY,126.0,1
1944415,2015-12-31,16,"LIQUOR,WINE,BEER",168.0,0
2214268,2016-05-30,38,BABY CARE,0.0,0
2105074,2016-03-30,24,BOOKS,0.0,0
1591750,2015-06-15,20,POULTRY,249.15,1
2321585,2016-07-29,49,BEAUTY,9.0,1
2815885,2017-05-04,18,POULTRY,191.544,0
415453,2013-08-22,16,HOME AND KITCHEN II,0.0,0
2479090,2016-10-26,18,SCHOOL AND OFFICE SUPPLIES,0.0,0
610789,2013-12-09,46,PERSONAL CARE,603.0,0
2465171,2016-10-18,28,BREAD/BAKERY,548.0,8
1394030,2015-02-24,23,FROZEN FOODS,71.0,0
2917589,2017-06-30,21,PET SUPPLIES,4.0,0
121299,2013-03-10,12,MEATS,127.308,0
2120625,2016-04-08,10,GROCERY I,1931.0,3
1881937,2015-11-25,13,GROCERY II,9.0,0
1072679,2014-08-26,7,HARDWARE,1.0,0
423592,2013-08-26,44,BOOKS,0.0,0
2443247,2016-10-06,12,PET SUPPLIES,0.0,0
2617663,2017-01-12,7,BOOKS,0.0,0
1527763,2015-05-10,25,POULTRY,144.54,0
414602,2013-08-21,41,MAGAZINES,0.0,0
1158117,2014-10-13,53,HOME AND KITCHEN I,2.0,0
2055001,2016-03-02,19,PERSONAL CARE,223.0,0
2451382,2016-10-10,40,EGGS,363.0,14
2415114,2016-09-20,23,DELI,133.18,1
375079,2013-07-30,33,BABY CARE,0.0,0
653010,2014-01-03,31,CELEBRATION,7.0,0
2896815,2017-06-18,39,DELI,196.991,2
128242,2013-03-13,8,BOOKS,0.0,0
1883671,2015-11-26,11,SCHOOL AND OFFICE SUPPLIES,4.0,0
2819556,2017-05-06,21,BEVERAGES,3033.0,16
1009885,2014-07-22,44,LADIESWEAR,36.0,0
957103,2014-06-23,14,BOOKS,0.0,0
2747235,2017-03-26,41,HOME CARE,400.0,7
1649088,2015-07-17,3,GROCERY I,6993.0,12
1165361,2014-10-17,7,SEAFOOD,107.738,7
2341526,2016-08-09,9,FROZEN FOODS,89.115,0
1749288,2015-09-11,40,MEATS,118.499,0
863546,2014-05-01,39,BEAUTY,5.0,0
68024,2013-02-08,18,FROZEN FOODS,27.0,0
45206,2013-01-26,27,PREPARED FOODS,112.119995,0
2723059,2017-03-13,13,SCHOOL AND OFFICE SUPPLIES,0.0,0
579969,2013-11-22,31,PLAYERS AND ELECTRONICS,0.0,0
948225,2014-06-18,15,BEVERAGES,550.0,0
2631459,2017-01-20,43,CELEBRATION,12.0,0
2234289,2016-06-10,49,MEATS,1351.784,52
1911108,2015-12-11,31,GROCERY I,3532.301,4
1008014,2014-07-21,41,PREPARED FOODS,44.508,0
2522076,2016-11-19,24,HOME CARE,393.0,9
1881047,2015-11-24,38,HARDWARE,4.0,0
655867,2014-01-05,11,PERSONAL CARE,692.0,0
377831,2013-08-01,10,HARDWARE,1.0,0
2632764,2017-01-21,3,MEATS,1183.268,2
422697,2013-08-26,2,AUTOMOTIVE,11.0,0
1998588,2016-01-30,36,DELI,217.215,0
2945130,2017-07-15,44,GROCERY I,13516.0,84
1761676,2015-09-18,39,BOOKS,0.0,0
747482,2014-02-25,31,SEAFOOD,22.0,0
46613,2013-01-27,17,HOME APPLIANCES,0.0,0
2582612,2016-12-23,22,SEAFOOD,1.0,0
2445234,2016-10-07,19,AUTOMOTIVE,5.0,0
2726488,2017-03-15,1,POULTRY,275.66602,0
2317368,2016-07-27,30,DELI,96.0,2
528172,2013-10-24,29,CLEANING,0.0,0
887693,2014-05-15,16,PET SUPPLIES,0.0,0
2885257,2017-06-12,15,BABY CARE,1.0,0
154716,2013-03-28,5,GROCERY I,3321.0,0
1980372,2016-01-20,25,DELI,97.838,0
2968539,2017-07-28,50,MEATS,852.021,51
2744347,2017-03-25,11,BABY CARE,1.0,0
937658,2014-06-12,18,PREPARED FOODS,40.0,0
501453,2013-10-09,29,HOME CARE,0.0,0
2898594,2017-06-19,39,CELEBRATION,31.0,0
2008223,2016-02-04,7,DAIRY,1240.0,0
828502,2014-04-11,6,BOOKS,0.0,0
2180463,2016-05-11,39,LINGERIE,6.0,0
1432709,2015-03-17,9,HARDWARE,1.0,0
1799344,2015-10-09,45,LADIESWEAR,19.0,0
2024296,2016-02-13,8,EGGS,396.0,0
472469,2013-09-23,16,DAIRY,107.0,0
2914655,2017-06-28,39,PREPARED FOODS,69.832,1
50654,2013-01-29,3,SEAFOOD,77.181,0
1056968,2014-08-18,16,FROZEN FOODS,36.0,0
643479,2013-12-29,14,GROCERY I,2256.0,0
2032331,2016-02-18,32,PET SUPPLIES,0.0,0
1231788,2014-11-24,20,PRODUCE,0.0,0
2596328,2016-12-31,8,LAWN AND GARDEN,96.0,0
1369406,2015-02-10,32,BREAD/BAKERY,92.0,0
44386,2013-01-25,54,BABY CARE,0.0,0
1160002,2014-10-14,7,LADIESWEAR,14.0,0
1379658,2015-02-16,2,PLAYERS AND ELECTRONICS,0.0,0
509838,2013-10-14,14,LINGERIE,2.0,0
2691247,2017-02-23,20,SCHOOL AND OFFICE SUPPLIES,1.0,0
2259938,2016-06-25,19,SEAFOOD,10.0,2
642718,2013-12-28,42,EGGS,0.0,0
1303875,2015-01-04,43,GROCERY I,4136.504,5
1372993,2015-02-12,32,POULTRY,61.105,9
1804534,2015-10-12,40,POULTRY,215.183,0
837951,2014-04-17,20,HOME AND KITCHEN I,0.0,0
1758831,2015-09-16,9,PRODUCE,1138.048,0
2892874,2017-06-16,28,POULTRY,223.029,21
2250112,2016-06-19,43,CLEANING,905.0,10
740541,2014-02-21,37,LINGERIE,3.0,0
2069465,2016-03-10,25,BEAUTY,3.0,0
1254441,2014-12-06,7,GROCERY I,3475.0,9
310542,2013-06-24,22,GROCERY I,0.0,0
1840483,2015-11-01,5,CLEANING,893.0,1
295145,2013-06-15,4,PET SUPPLIES,0.0,0
767465,2014-03-08,42,HOME APPLIANCES,0.0,0
2339438,2016-08-08,5,BEAUTY,5.0,0
2553937,2016-12-07,19,BABY CARE,0.0,0
2456289,2016-10-13,29,AUTOMOTIVE,6.0,0
2370149,2016-08-26,11,MAGAZINES,3.0,0
1687034,2015-08-07,44,DAIRY,2322.0,2
1106852,2014-09-15,15,SEAFOOD,1.0,0
295378,2013-06-15,46,POULTRY,1167.799,0
2404153,2016-09-14,16,BOOKS,0.0,0
2462005,2016-10-16,39,CLEANING,1661.0,26
234285,2013-05-12,32,HOME CARE,0.0,0
461459,2013-09-16,7,LAWN AND GARDEN,2.0,0
532054,2013-10-26,37,POULTRY,145.632,0
2137742,2016-04-17,40,BEAUTY,2.0,0
1564009,2015-05-30,42,CLEANING,0.0,0
1842809,2015-11-03,15,MAGAZINES,1.0,0
868281,2014-05-04,21,HOME CARE,0.0,0
892323,2014-05-17,46,BEVERAGES,4006.0,0
1702067,2015-08-16,16,PET SUPPLIES,0.0,0
2585936,2016-12-26,16,MAGAZINES,2.0,0
2475044,2016-10-23,54,FROZEN FOODS,59.0,3
632848,2013-12-22,16,CLEANING,1248.0,0
1759179,2015-09-17,19,HOME AND KITCHEN I,33.0,0
957727,2014-06-23,31,BABY CARE,0.0,0
123862,2013-03-11,34,GROCERY II,5.0,0
2672989,2017-02-12,9,"LIQUOR,WINE,BEER",42.0,2
1805195,2015-10-13,1,PREPARED FOODS,93.978,0
811454,2014-04-02,27,HOME APPLIANCES,0.0,0
2370842,2016-08-26,30,MAGAZINES,1.0,0
2387366,2016-09-04,44,HARDWARE,15.0,0
22922,2013-01-13,51,LAWN AND GARDEN,12.0,0
377841,2013-08-01,10,MEATS,287.753,0
929003,2014-06-07,25,LAWN AND GARDEN,17.0,0
2266625,2016-06-28,7,LAWN AND GARDEN,17.0,0
905456,2014-05-25,15,BEAUTY,3.0,0
368344,2013-07-26,43,SCHOOL AND OFFICE SUPPLIES,0.0,0
2348327,2016-08-13,49,HARDWARE,6.0,0
2465299,2016-10-18,31,BABY CARE,0.0,0
2970243,2017-07-29,49,GROCERY I,7929.0,72
2602618,2017-01-04,34,CLEANING,903.0,13
320120,2013-06-29,40,LAWN AND GARDEN,0.0,0
639600,2013-12-26,54,PLAYERS AND ELECTRONICS,0.0,0
1118100,2014-09-21,30,PLAYERS AND ELECTRONICS,2.0,0
1142267,2014-10-05,1,BREAD/BAKERY,161.61,2
2404758,2016-09-14,32,HOME AND KITCHEN I,9.0,0
503549,2013-10-10,38,BEAUTY,2.0,0
1936512,2015-12-26,44,CELEBRATION,19.0,0
1923964,2015-12-18,41,SCHOOL AND OFFICE SUPPLIES,0.0,0
2404815,2016-09-14,34,CELEBRATION,13.0,0
493690,2013-10-05,11,EGGS,167.0,0
1297188,2014-12-31,6,MEATS,485.523,1
2930524,2017-07-07,34,PERSONAL CARE,286.0,8
2406525,2016-09-15,32,AUTOMOTIVE,3.0,0
2032794,2016-02-18,45,PLAYERS AND ELECTRONICS,47.0,0
2250122,2016-06-19,43,HOME APPLIANCES,1.0,0
105374,2013-03-01,16,BREAD/BAKERY,157.0,0
1781525,2015-09-29,45,LAWN AND GARDEN,2.0,0
2805705,2017-04-28,32,GROCERY I,1270.0,54
465523,2013-09-19,20,PERSONAL CARE,0.0,0
375002,2013-07-30,30,MAGAZINES,0.0,0
2200904,2016-05-23,13,BEAUTY,2.0,0
2687130,2017-02-20,6,CELEBRATION,15.0,2
1617865,2015-06-29,53,CLEANING,535.0,0
1738874,2015-09-05,49,BREAD/BAKERY,1541.302,2
2556394,2016-12-08,37,HOME AND KITCHEN II,20.0,1
2562789,2016-12-12,17,DELI,454.0,8
823816,2014-04-09,24,BOOKS,0.0,0
168384,2013-04-05,33,HOME CARE,0.0,0
2922819,2017-07-03,19,DELI,328.0,0
2618877,2017-01-13,4,PRODUCE,2370.055,5
2427443,2016-09-27,19,PREPARED FOODS,40.0,1
481186,2013-09-28,10,GROCERY II,3.0,0
1002541,2014-07-18,39,BABY CARE,1.0,0
273113,2013-06-03,22,BREAD/BAKERY,0.0,0
1966666,2016-01-12,4,SCHOOL AND OFFICE SUPPLIES,0.0,0
1146569,2014-10-07,3,HOME APPLIANCES,4.0,0
2775841,2017-04-11,44,GROCERY II,51.0,0
490272,2013-10-03,15,MEATS,151.205,0
1000175,2014-07-17,22,FROZEN FOODS,0.0,0
592759,2013-11-29,40,GROCERY II,4.0,0
676386,2014-01-16,37,HOME CARE,246.0,0
2089140,2016-03-21,27,DELI,268.432,0
2443781,2016-10-06,27,SEAFOOD,12.162,1
2744151,2017-03-24,6,BEVERAGES,4340.0,24
1204583,2014-11-08,8,HOME APPLIANCES,1.0,0
952427,2014-06-20,32,HARDWARE,1.0,0
132418,2013-03-16,24,"LIQUOR,WINE,BEER",198.0,0
411639,2013-08-19,9,PRODUCE,0.0,0
2092225,2016-03-23,13,PERSONAL CARE,179.0,5
1843084,2015-11-03,23,BABY CARE,0.0,0
1192785,2014-11-02,27,AUTOMOTIVE,2.0,0
1695,2013-01-01,7,GROCERY I,0.0,0
2428234,2016-09-27,40,POULTRY,160.30501,0
1261783,2014-12-11,12,POULTRY,265.147,14
172428,2013-04-07,47,BEVERAGES,5205.0,0
398367,2013-08-12,36,MEATS,167.545,0
2688758,2017-02-21,50,HOME APPLIANCES,0.0,0
2367745,2016-08-24,43,POULTRY,99.041,0
2184605,2016-05-13,6,BREAD/BAKERY,503.87,10
2268574,2016-06-30,11,"LIQUOR,WINE,BEER",41.0,0
1746928,2015-09-10,25,CLEANING,272.0,3
1695878,2015-08-12,42,DAIRY,0.0,0
372546,2013-07-29,12,DELI,134.0,0
1741884,2015-09-07,33,GROCERY I,3743.0,19
2438843,2016-10-03,39,FROZEN FOODS,58.23,4
2268627,2016-06-30,13,DELI,102.0,2
2635970,2017-01-23,2,PREPARED FOODS,132.705,2
1456428,2015-03-31,24,CELEBRATION,0.0,0
1852200,2015-11-08,29,DELI,419.206,0
131447,2013-03-15,47,DAIRY,934.0,0
1433723,2015-03-18,37,BREAD/BAKERY,677.682,0
281280,2013-06-07,50,LINGERIE,0.0,0
1713724,2015-08-22,43,BABY CARE,0.0,0
2321964,2016-07-30,1,HOME CARE,196.0,1
544714,2013-11-02,42,HOME AND KITCHEN II,0.0,0
2290880,2016-07-12,37,LAWN AND GARDEN,8.0,0
1879899,2015-11-23,6,LINGERIE,7.0,0
580958,2013-11-23,1,PET SUPPLIES,0.0,0
1379083,2015-02-15,53,GROCERY II,12.0,0
1687631,2015-08-08,11,FROZEN FOODS,119.0,18
1451649,2015-03-28,4,GROCERY I,4054.0,9
2888078,2017-06-13,43,HOME APPLIANCES,0.0,0
2915737,2017-06-29,2,"LIQUOR,WINE,BEER",39.0,4
2677659,2017-02-15,4,CELEBRATION,5.0,0
1265957,2014-12-13,3,FROZEN FOODS,1255.396,6
354366,2013-07-18,51,GROCERY I,3484.0,0
982501,2014-07-07,26,PERSONAL CARE,96.0,0
2061912,2016-03-06,13,CELEBRATION,0.0,0
499898,2013-10-08,35,HARDWARE,0.0,0
2089088,2016-03-21,25,MAGAZINES,14.0,0
1496317,2015-04-22,42,SCHOOL AND OFFICE SUPPLIES,0.0,0
2820191,2017-05-06,39,FROZEN FOODS,94.0,18
2350303,2016-08-14,54,EGGS,65.0,0
1025492,2014-07-31,32,HOME APPLIANCES,0.0,0
2545262,2016-12-02,25,BREAD/BAKERY,279.5,6
202009,2013-04-24,27,HOME AND KITCHEN II,0.0,0
321159,2013-06-30,20,BEVERAGES,0.0,0
2730709,2017-03-17,28,PERSONAL CARE,253.0,13
2793929,2017-04-21,51,HOME APPLIANCES,1.0,0
1933729,2015-12-24,16,POULTRY,79.198,0
529848,2013-10-25,26,AUTOMOTIVE,1.0,0
329018,2013-07-04,40,DAIRY,124.0,0
193563,2013-04-19,4,HOME CARE,0.0,0
2428925,2016-09-28,10,PET SUPPLIES,1.0,0
2567447,2016-12-14,47,HARDWARE,0.0,0
436235,2013-09-02,49,DAIRY,1005.0,0
1609514,2015-06-25,2,BREAD/BAKERY,577.0,0
686894,2014-01-22,31,SEAFOOD,7.0,0
715589,2014-02-07,37,HOME APPLIANCES,1.0,0
1263520,2014-12-12,11,HOME AND KITCHEN II,15.0,0
712192,2014-02-05,41,LADIESWEAR,0.0,0
291556,2013-06-13,4,BABY CARE,0.0,0
2722656,2017-03-12,51,MEATS,569.523,0
2896507,2017-06-18,3,SCHOOL AND OFFICE SUPPLIES,1.0,0
1851882,2015-11-08,2,LINGERIE,9.0,0
61900,2013-02-04,45,PERSONAL CARE,481.0,0
1646703,2015-07-16,13,BEVERAGES,1412.0,1
208661,2013-04-28,14,BEAUTY,3.0,0
1984529,2016-01-22,41,DAIRY,482.0,3
310738,2013-06-24,28,EGGS,111.0,0
301756,2013-06-19,26,BOOKS,0.0,0
2017534,2016-02-10,18,GROCERY II,10.0,0
732077,2014-02-16,5,BREAD/BAKERY,480.409,0
2282498,2016-07-07,51,LAWN AND GARDEN,23.0,0
1647892,2015-07-16,46,BOOKS,0.0,0
869200,2014-05-04,47,GROCERY II,109.0,0
589532,2013-11-27,5,LAWN AND GARDEN,0.0,0
1313239,2015-01-09,7,BOOKS,0.0,0
1120584,2014-09-22,50,BEVERAGES,3548.0,2
1676402,2015-08-01,46,BEAUTY,24.0,0
2183714,2016-05-13,30,BREAD/BAKERY,97.0,11
2533401,2016-11-25,41,MEATS,349.639,37
1875588,2015-11-21,35,AUTOMOTIVE,4.0,0
2745587,2017-03-25,45,LAWN AND GARDEN,91.0,0
1138816,2014-10-03,12,LADIESWEAR,7.0,0
380160,2013-08-02,26,AUTOMOTIVE,4.0,0
2139768,2016-04-18,47,HOME AND KITCHEN I,52.0,0
2502749,2016-11-08,31,PREPARED FOODS,61.988,0
2478215,2016-10-25,43,HARDWARE,0.0,0
1892198,2015-11-30,50,FROZEN FOODS,282.322,0
11749,2013-01-07,39,BABY CARE,0.0,0
610219,2013-12-09,30,HOME AND KITCHEN II,0.0,0
257056,2013-05-25,21,LADIESWEAR,0.0,0
2235894,2016-06-11,44,GROCERY I,11894.0,101
2501888,2016-11-07,8,PET SUPPLIES,13.0,0
952511,2014-06-20,34,SEAFOOD,0.0,0
2623048,2017-01-15,8,EGGS,495.0,2
936063,2014-06-11,23,HOME CARE,0.0,0
2211192,2016-05-28,50,PLAYERS AND ELECTRONICS,31.0,0
932480,2014-06-09,22,SEAFOOD,0.0,0
941798,2014-06-14,34,FROZEN FOODS,138.0,0
928577,2014-06-07,13,MAGAZINES,0.0,0
93958,2013-02-22,45,CLEANING,1641.0,0
2290816,2016-07-12,35,"LIQUOR,WINE,BEER",6.0,0
230869,2013-05-10,37,BABY CARE,0.0,0
1567289,2015-06-01,34,LAWN AND GARDEN,1.0,0
416597,2013-08-22,48,BREAD/BAKERY,322.629,0
2213366,2016-05-30,12,MAGAZINES,3.0,0
2494812,2016-11-04,1,GROCERY I,1686.0,71
2690592,2017-02-22,52,BEVERAGES,0.0,0
2813083,2017-05-02,39,SCHOOL AND OFFICE SUPPLIES,1.0,1
2551400,2016-12-05,47,BREAD/BAKERY,1094.011,8
2556153,2016-12-08,30,CELEBRATION,5.0,0
2152573,2016-04-25,7,HOME AND KITCHEN II,26.0,1
1642938,2015-07-13,8,AUTOMOTIVE,9.0,0
2098091,2016-03-26,28,HOME APPLIANCES,0.0,0
484404,2013-09-29,5,PRODUCE,5.0,0
2322530,2016-07-30,25,MAGAZINES,11.0,0
2966417,2017-07-27,41,HARDWARE,1.0,0
10840,2013-01-07,13,HOME AND KITCHEN II,0.0,0
2572466,2016-12-17,38,HOME APPLIANCES,0.0,0
1308327,2015-01-07,19,DELI,221.0,0
747831,2014-02-25,41,HOME CARE,0.0,0
2212584,2016-05-29,40,AUTOMOTIVE,7.0,0
2189090,2016-05-16,31,BEAUTY,2.0,0
802551,2014-03-28,27,MEATS,233.7157,0
361273,2013-07-22,45,"LIQUOR,WINE,BEER",84.0,0
1543420,2015-05-19,15,EGGS,202.0,1
2924098,2017-07-03,54,BABY CARE,0.0,0
954075,2014-06-21,29,GROCERY I,0.0,0
2615744,2017-01-11,51,SEAFOOD,51.891,0
2042915,2016-02-24,3,HOME APPLIANCES,4.0,0
2109936,2016-04-02,10,HOME AND KITCHEN I,7.0,0
2356367,2016-08-18,25,BEAUTY,0.0,0
2191327,2016-05-17,43,POULTRY,190.856,1
1599562,2015-06-19,4,LADIESWEAR,11.0,0
2130900,2016-04-13,48,MEATS,714.52,3
502524,2013-10-10,1,AUTOMOTIVE,1.0,0
2952207,2017-07-19,42,PLAYERS AND ELECTRONICS,9.0,0
2127004,2016-04-11,39,"LIQUOR,WINE,BEER",50.0,0
2988248,2017-08-08,53,SEAFOOD,2.0,0
1737577,2015-09-05,12,POULTRY,149.709,0
1480265,2015-04-13,42,HOME APPLIANCES,0.0,0
1087688,2014-09-04,28,DAIRY,426.0,0
2984803,2017-08-06,8,LADIESWEAR,26.0,0
2232306,2016-06-09,43,LINGERIE,1.0,0
1235722,2014-11-26,31,BOOKS,0.0,0
647276,2013-12-31,20,HARDWARE,0.0,0
1957068,2016-01-07,21,BEVERAGES,3449.0,2
2781600,2017-04-14,6,PRODUCE,2129.895,4
2923205,2017-07-03,29,SEAFOOD,5.0,0
482681,2013-09-28,51,MAGAZINES,0.0,0
1953625,2016-01-05,24,PERSONAL CARE,419.0,0
1267606,2014-12-14,26,EGGS,78.0,0
2093142,2016-03-23,39,HOME CARE,241.0,1
2034455,2016-02-19,42,BREAD/BAKERY,373.185,0
2650982,2017-01-31,40,PET SUPPLIES,3.0,0
1126648,2014-09-26,20,POULTRY,0.0,0
143155,2013-03-22,26,BABY CARE,0.0,0
2700460,2017-02-28,3,BOOKS,0.0,0
2034619,2016-02-19,47,BOOKS,0.0,0
2342277,2016-08-10,3,BEVERAGES,6279.0,49
1196642,2014-11-04,34,PREPARED FOODS,22.0,0
1927046,2015-12-20,29,FROZEN FOODS,487.417,4
2630333,2017-01-20,12,BEAUTY,1.0,0
26766,2013-01-16,10,BEVERAGES,287.0,0
155919,2013-03-29,33,PLAYERS AND ELECTRONICS,0.0,0
1086659,2014-09-03,49,BEAUTY,7.0,0
1864287,2015-11-15,18,HOME CARE,265.0,0
1355857,2015-02-02,51,LADIESWEAR,0.0,0
1233846,2014-11-25,29,DELI,0.0,0
60184,2013-02-03,47,PERSONAL CARE,1116.0,0
2914979,2017-06-28,48,MAGAZINES,2.0,0
1581007,2015-06-09,2,EGGS,141.0,3
2253116,2016-06-21,28,DAIRY,847.0,3
2713543,2017-03-07,46,LADIESWEAR,22.0,0
2053560,2016-03-01,29,BEVERAGES,2979.0,21
1982943,2016-01-21,47,CELEBRATION,27.0,0
673032,2014-01-14,42,PRODUCE,0.0,0
761984,2014-03-05,39,HARDWARE,1.0,0
57127,2013-02-02,12,BOOKS,0.0,0
1706348,2015-08-18,36,HOME APPLIANCES,0.0,0
834556,2014-04-15,25,LADIESWEAR,0.0,0
698557,2014-01-29,1,GROCERY II,39.0,0
1460434,2015-04-02,36,LADIESWEAR,0.0,0
2468942,2016-10-20,33,HARDWARE,0.0,0
556289,2013-11-09,18,DAIRY,514.0,0
1464174,2015-04-04,40,PRODUCE,0.0,0
1081361,2014-08-31,5,HOME APPLIANCES,2.0,0
2436571,2016-10-02,25,HOME AND KITCHEN II,0.0,0
1811213,2015-10-16,29,DAIRY,375.0,1
1380560,2015-02-16,45,BREAD/BAKERY,1084.879,0
202083,2013-04-24,29,MEATS,0.0,0
1683484,2015-08-05,44,"LIQUOR,WINE,BEER",330.0,0
2970942,2017-07-30,19,HOME CARE,225.0,7
2754649,2017-03-30,5,CLEANING,680.0,10
336217,2013-07-08,42,GROCERY II,0.0,0
2839304,2017-05-17,25,HOME APPLIANCES,0.0,0
2494958,2016-11-04,13,PET SUPPLIES,0.0,0
2303565,2016-07-19,43,AUTOMOTIVE,4.0,0
1697140,2015-08-13,28,HOME AND KITCHEN II,9.0,0
1262016,2014-12-11,19,PRODUCE,307.726,0
875526,2014-05-08,25,BEVERAGES,821.0,0
981871,2014-07-06,9,"LIQUOR,WINE,BEER",0.0,0
1787076,2015-10-02,50,PLAYERS AND ELECTRONICS,17.0,0
2486437,2016-10-30,24,LADIESWEAR,15.0,0
787099,2014-03-19,43,HOME AND KITCHEN II,20.0,0
2286315,2016-07-10,1,DELI,58.219,3
96017,2013-02-23,52,LAWN AND GARDEN,0.0,0
1603709,2015-06-21,7,DAIRY,1175.0,2
771310,2014-03-10,50,BABY CARE,0.0,0
1712786,2015-08-22,17,LAWN AND GARDEN,0.0,0
2732536,2017-03-18,3,BOOKS,2.0,0
1110835,2014-09-17,27,"LIQUOR,WINE,BEER",66.0,0
414857,2013-08-21,49,HARDWARE,0.0,0
2319654,2016-07-28,44,HOME CARE,403.0,1
2460981,2016-10-16,10,CELEBRATION,1.0,0
864757,2014-05-02,22,PERSONAL CARE,0.0,0
2745824,2017-03-25,51,PET SUPPLIES,31.0,1
2620805,2017-01-14,44,FROZEN FOODS,820.32,3
642363,2013-12-28,32,HOME CARE,0.0,0
2103616,2016-03-29,32,SCHOOL AND OFFICE SUPPLIES,0.0,0
68855,2013-02-08,40,HOME APPLIANCES,0.0,0
1522137,2015-05-07,18,GROCERY I,2123.0,1
2928927,2017-07-06,4,GROCERY I,2727.0,68
255071,2013-05-24,16,HARDWARE,0.0,0
2081396,2016-03-17,1,LAWN AND GARDEN,6.0,0
2779930,2017-04-14,1,EGGS,69.0,22
1080301,2014-08-31,20,GROCERY II,0.0,0
1172405,2014-10-21,54,HARDWARE,0.0,0
1885841,2015-11-27,22,MAGAZINES,0.0,0
77760,2013-02-13,40,GROCERY I,2403.0,0
2369891,2016-08-25,53,PREPARED FOODS,62.567,0
814204,2014-04-03,53,POULTRY,0.0,0
177171,2013-04-10,3,PLAYERS AND ELECTRONICS,0.0,0
774792,2014-03-12,48,HOME CARE,411.0,0
2465560,2016-10-18,38,SCHOOL AND OFFICE SUPPLIES,0.0,0
2242768,2016-06-15,37,"LIQUOR,WINE,BEER",94.0,1
1550436,2015-05-23,11,PRODUCE,0.0,0
771627,2014-03-11,1,LINGERIE,3.0,0
997202,2014-07-15,39,DAIRY,406.0,0
1382719,2015-02-17,6,LADIESWEAR,0.0,0
800969,2014-03-27,32,PET SUPPLIES,0.0,0
1345210,2015-01-27,52,SCHOOL AND OFFICE SUPPLIES,0.0,0
1226194,2014-11-21,14,GROCERY II,8.0,0
2057365,2016-03-03,35,GROCERY II,0.0,0
1399321,2015-02-27,21,"LIQUOR,WINE,BEER",0.0,0
182415,2013-04-13,27,MEATS,183.328,0
1768619,2015-09-22,33,HOME APPLIANCES,0.0,0
2970040,2017-07-29,43,CLEANING,1436.0,22
2891621,2017-06-15,42,PREPARED FOODS,52.937,0
2911888,2017-06-27,12,BABY CARE,0.0,0
2759879,2017-04-02,46,MAGAZINES,10.0,0
1142595,2014-10-05,19,BEVERAGES,2421.0,0
318638,2013-06-28,49,MAGAZINES,0.0,0
2657977,2017-02-04,37,PERSONAL CARE,437.0,8
1717586,2015-08-24,51,BEAUTY,1.0,0
644332,2013-12-29,38,CLEANING,1226.0,0
1787099,2015-10-02,51,HOME APPLIANCES,0.0,0
377561,2013-07-31,52,DAIRY,0.0,0
1417177,2015-03-09,22,PERSONAL CARE,0.0,0
1038956,2014-08-08,10,HOME APPLIANCES,0.0,0
2675647,2017-02-14,33,CLEANING,822.0,29
1192623,2014-11-02,22,BEVERAGES,0.0,0
492859,2013-10-04,38,BOOKS,0.0,0
5650,2013-01-04,18,CLEANING,549.0,0
547815,2013-11-04,3,HOME AND KITCHEN I,0.0,0
2556592,2016-12-08,42,HOME AND KITCHEN II,7.0,1
1955126,2016-01-06,17,DAIRY,598.0,84
2618427,2017-01-13,28,DELI,332.639,63
1666923,2015-07-27,3,PLAYERS AND ELECTRONICS,21.0,0
2108279,2016-04-01,14,DAIRY,405.0,0
1531830,2015-05-12,4,BEVERAGES,1445.0,2
1634634,2015-07-09,24,GROCERY I,3281.0,7
1122021,2014-09-23,40,LINGERIE,7.0,0
574187,2013-11-19,2,LAWN AND GARDEN,1.0,0
2417380,2016-09-21,36,SCHOOL AND OFFICE SUPPLIES,0.0,0
2041417,2016-02-23,38,BOOKS,0.0,0
1254614,2014-12-07,11,LAWN AND GARDEN,2.0,0
1105524,2014-09-14,28,MEATS,230.747,0
153847,2013-03-28,26,BABY CARE,0.0,0
1884392,2015-11-26,31,PET SUPPLIES,1.0,0
2837150,2017-05-16,15,DAIRY,393.0,19
1510983,2015-04-30,54,GROCERY I,2430.0,4
2284616,2016-07-09,11,PET SUPPLIES,3.0,0
2799738,2017-04-25,15,HOME CARE,248.0,17
1946843,2016-01-01,34,DAIRY,0.0,0
178233,2013-04-11,10,AUTOMOTIVE,3.0,0
1332818,2015-01-20,6,HARDWARE,0.0,0
400686,2013-08-13,51,AUTOMOTIVE,7.0,0
2785935,2017-04-17,28,DELI,294.906,6
2041586,2016-02-23,42,DAIRY,737.0,0
1729839,2015-08-31,45,GROCERY I,11034.0,9
2103258,2016-03-29,23,BEVERAGES,1198.0,3
71645,2013-02-10,2,BEAUTY,5.0,0
785441,2014-03-18,47,DAIRY,1305.0,0
743960,2014-02-23,33,DAIRY,448.0,0
1862002,2015-11-13,53,EGGS,53.0,17
1048403,2014-08-13,25,PET SUPPLIES,0.0,0
666919,2014-01-11,21,"LIQUOR,WINE,BEER",0.0,0
2139824,2016-04-18,49,BREAD/BAKERY,1483.302,0
2501493,2016-11-07,46,PLAYERS AND ELECTRONICS,17.0,0
2638497,2017-01-24,40,HOME AND KITCHEN I,47.0,4
1448206,2015-03-26,43,BABY CARE,0.0,0
1242408,2014-11-30,19,MEATS,141.76999,0
1907400,2015-12-09,28,AUTOMOTIVE,2.0,0
2469268,2016-10-20,42,EGGS,109.0,2
2123287,2016-04-09,35,BABY CARE,0.0,0
477755,2013-09-26,14,HARDWARE,0.0,0
962509,2014-06-26,15,SCHOOL AND OFFICE SUPPLIES,0.0,0
2403382,2016-09-13,43,PERSONAL CARE,169.0,7
2180964,2016-05-11,52,PLAYERS AND ELECTRONICS,0.0,0
725342,2014-02-13,11,BEAUTY,3.0,0
51755,2013-01-30,11,FROZEN FOODS,14.0,0
1792775,2015-10-06,11,HOME APPLIANCES,0.0,0
2716635,2017-03-09,33,DELI,156.0,7
2816996,2017-05-04,49,HOME APPLIANCES,0.0,0
1885617,2015-11-27,16,PRODUCE,375.094,0
564891,2013-11-13,9,PRODUCE,0.0,0
2529321,2016-11-23,28,BEVERAGES,2074.0,59
798588,2014-03-26,16,LINGERIE,1.0,0
575655,2013-11-20,11,BEVERAGES,1908.0,0
911203,2014-05-28,26,CLEANING,286.0,0
671707,2014-01-13,6,PERSONAL CARE,255.0,0
1836704,2015-10-30,43,MAGAZINES,9.0,0
147478,2013-03-24,47,BABY CARE,0.0,0
1777487,2015-09-27,32,DAIRY,203.0,0
385805,2013-08-05,34,BEAUTY,1.0,0
1192164,2014-11-02,1,CELEBRATION,3.0,0
941404,2014-06-14,23,GROCERY II,30.0,0
2223481,2016-06-04,46,CLEANING,3449.0,6
217212,2013-05-02,53,CELEBRATION,0.0,0
1593941,2015-06-16,32,DAIRY,160.0,3
445838,2013-09-08,19,DAIRY,98.0,0
2120540,2016-04-07,8,PET SUPPLIES,19.0,0
1606876,2015-06-23,45,CLEANING,1945.0,9
873844,2014-05-07,28,BOOKS,0.0,0
1954012,2016-01-05,35,HOME AND KITCHEN II,6.0,0
1036529,2014-08-06,41,SEAFOOD,5.0,0
2458973,2016-10-14,53,FROZEN FOODS,93.0,3
1107031,2014-09-15,20,GROCERY II,0.0,0
2609177,2017-01-08,18,SEAFOOD,19.0,1
2739736,2017-03-22,31,EGGS,135.0,4
122150,2013-03-10,36,HOME APPLIANCES,0.0,0
2729570,2017-03-16,46,DAIRY,1555.0,38
680369,2014-01-18,49,DAIRY,2107.0,0
2628315,2017-01-18,54,PRODUCE,456.402,1
68091,2013-02-08,2,GROCERY I,2680.0,0
2477690,2016-10-25,29,HOME APPLIANCES,0.0,0
2378318,2016-08-30,40,DAIRY,593.0,3
753732,2014-02-28,8,GROCERY I,3741.0,0
301994,2013-06-19,32,FROZEN FOODS,6.0,0
2524340,2016-11-20,38,BREAD/BAKERY,724.244,3
2018158,2016-02-10,35,EGGS,223.0,0
372277,2013-07-28,54,BOOKS,0.0,0
16563,2013-01-10,23,PRODUCE,0.0,0
931891,2014-06-08,7,BOOKS,0.0,0
2864817,2017-05-31,40,LINGERIE,13.0,0
2888593,2017-06-13,9,BOOKS,0.0,0
178914,2013-04-11,29,LINGERIE,0.0,0
1391476,2015-02-22,50,SCHOOL AND OFFICE SUPPLIES,0.0,0
478321,2013-09-26,3,LADIESWEAR,0.0,0
2891358,2017-06-15,35,PRODUCE,275.717,1
2201323,2016-05-23,24,PERSONAL CARE,248.0,4
641460,2013-12-27,8,CELEBRATION,0.0,0
2479898,2016-10-26,40,HARDWARE,3.0,0
1789388,2015-10-04,16,PREPARED FOODS,45.0,0
2451699,2016-10-10,49,PRODUCE,8224.424,38
1052294,2014-08-15,34,MAGAZINES,0.0,0
1850186,2015-11-07,22,DAIRY,296.0,0
1259570,2014-12-09,5,PET SUPPLIES,5.0,0
323362,2013-07-01,31,POULTRY,95.965004,0
1470684,2015-04-08,24,CELEBRATION,0.0,0
9078,2013-01-06,14,BEVERAGES,578.0,0
2338106,2016-08-08,12,MAGAZINES,0.0,0
1957711,2016-01-07,39,LADIESWEAR,9.0,0
2085065,2016-03-19,12,PET SUPPLIES,1.0,0
1611826,2015-06-26,34,CLEANING,749.0,1
857245,2014-04-28,12,BOOKS,0.0,0
774278,2014-03-12,33,SEAFOOD,4.0,0
1736106,2015-09-04,21,DELI,353.408,67
432495,2013-08-31,43,PRODUCE,0.0,0
818045,2014-04-06,12,DAIRY,575.0,0
2392151,2016-09-07,29,HARDWARE,3.0,0
2273042,2016-07-02,37,BEAUTY,13.0,1
2075440,2016-03-13,42,BOOKS,0.0,0
287982,2013-06-11,39,MEATS,99.363,0
862285,2014-04-30,52,POULTRY,0.0,0
2693764,2017-02-24,41,CLEANING,873.0,15
622624,2013-12-16,29,GROCERY II,0.0,0
48421,2013-01-28,18,EGGS,104.0,0
2806825,2017-04-29,14,EGGS,23.0,0
1857146,2015-11-11,18,BREAD/BAKERY,583.0,0
1283352,2014-12-23,18,HOME AND KITCHEN I,1.0,0
972740,2014-07-01,51,SEAFOOD,68.836,0
776946,2014-03-13,9,PLAYERS AND ELECTRONICS,12.0,0
168673,2013-04-05,41,EGGS,57.0,0
2558905,2016-12-09,8,LADIESWEAR,37.0,0
498430,2013-10-07,43,SCHOOL AND OFFICE SUPPLIES,0.0,0
1351165,2015-01-31,20,GROCERY II,0.0,0
1010987,2014-07-23,25,SEAFOOD,2.0,0
471301,2013-09-22,32,POULTRY,62.767,0
2547587,2016-12-03,4,LAWN AND GARDEN,21.0,0
413454,2013-08-21,1,PRODUCE,0.0,0
1117103,2014-09-20,52,LAWN AND GARDEN,0.0,0
2732657,2017-03-18,32,PET SUPPLIES,1.0,0
705251,2014-02-01,47,DAIRY,2783.0,0
94503,2013-02-23,10,MEATS,229.581,0
2537245,2016-11-27,5,CLEANING,957.0,13
2087869,2016-03-20,40,PERSONAL CARE,384.0,12
824330,2014-04-09,38,MAGAZINES,0.0,0
653014,2014-01-03,31,EGGS,125.0,0
57512,2013-02-02,22,PET SUPPLIES,0.0,0
2790314,2017-04-19,5,SEAFOOD,6.594,0
561582,2013-11-12,16,LINGERIE,4.0,0
314832,2013-06-26,42,GROCERY I,0.0,0
2270578,2016-07-01,18,GROCERY II,18.0,0
509445,2013-10-13,52,MEATS,0.0,0
1653519,2015-07-19,53,LINGERIE,11.0,0
2805236,2017-04-28,2,BREAD/BAKERY,582.0,9
903251,2014-05-23,52,DAIRY,0.0,0
2193432,2016-05-18,52,LINGERIE,0.0,0
452688,2013-09-12,10,PLAYERS AND ELECTRONICS,0.0,0
2636266,2017-01-23,28,POULTRY,197.892,0
1461847,2015-04-03,26,GROCERY II,6.0,0
2607512,2017-01-07,21,HOME APPLIANCES,0.0,0
2571405,2016-12-16,9,GROCERY I,5957.233,126
738106,2014-02-20,19,POULTRY,143.2154,0
2355171,2016-08-17,40,PLAYERS AND ELECTRONICS,13.0,0
2478527,2016-10-25,51,PREPARED FOODS,142.588,0
537320,2013-10-29,35,HARDWARE,1.0,0
345035,2013-07-13,4,LAWN AND GARDEN,11.0,0
935835,2014-06-11,17,LINGERIE,0.0,0
2694315,2017-02-24,7,PRODUCE,5535.5,3
557766,2013-11-10,1,AUTOMOTIVE,1.0,0
2456184,2016-10-13,25,PLAYERS AND ELECTRONICS,0.0,0
1215099,2014-11-14,52,CELEBRATION,0.0,0
114056,2013-03-06,1,DAIRY,515.0,0
1414089,2015-03-07,36,CELEBRATION,0.0,0
2301424,2016-07-18,33,BOOKS,0.0,0
2847045,2017-05-21,42,BEVERAGES,4352.0,23
2336416,2016-08-07,15,HOME AND KITCHEN II,20.0,0
1337788,2015-01-23,45,BABY CARE,0.0,0
1417329,2015-03-09,27,GROCERY I,3088.0,5
569330,2013-11-16,33,HARDWARE,1.0,0
2038622,2016-02-22,1,HARDWARE,1.0,0
571271,2013-11-17,38,DAIRY,937.0,0
1102585,2014-09-12,45,"LIQUOR,WINE,BEER",263.0,0
158094,2013-03-30,44,MEATS,961.18,0
1572700,2015-06-04,36,LADIESWEAR,0.0,0
2687991,2017-02-21,3,DELI,362.255,7
2199042,2016-05-22,10,LINGERIE,5.0,0
918436,2014-06-01,29,GROCERY II,0.0,0
584763,2013-11-25,17,BEVERAGES,920.0,0
129612,2013-03-14,45,LINGERIE,3.0,0
2556176,2016-12-08,30,PREPARED FOODS,23.0,1
409184,2013-08-18,4,HOME APPLIANCES,0.0,0
2452674,2016-10-11,27,HOME AND KITCHEN I,22.0,0
593148,2013-11-29,51,CELEBRATION,0.0,0
609028,2013-12-08,47,GROCERY II,77.0,0
1923760,2015-12-18,36,PERSONAL CARE,246.0,2
1780300,2015-09-29,11,HOME AND KITCHEN II,9.0,0
1337118,2015-01-23,26,MEATS,437.34,34
2309978,2016-07-23,23,FROZEN FOODS,97.0,1
2128148,2016-04-12,21,FROZEN FOODS,58.147,2
716253,2014-02-07,6,LINGERIE,10.0,0
1645493,2015-07-15,29,HARDWARE,1.0,0
2030704,2016-02-17,37,HOME AND KITCHEN II,27.0,1
768215,2014-03-09,14,DAIRY,466.0,0
2678539,2017-02-16,14,POULTRY,45.075,0
2264983,2016-06-28,10,POULTRY,139.025,1
882839,2014-05-12,3,MAGAZINES,0.0,0
2980796,2017-08-04,45,BREAD/BAKERY,1383.043,11
1393819,2015-02-24,17,SCHOOL AND OFFICE SUPPLIES,0.0,0
1644531,2015-07-14,51,DELI,202.277,1
1584886,2015-06-11,28,POULTRY,157.044,2
664647,2014-01-09,8,PLAYERS AND ELECTRONICS,18.0,0
93182,2013-02-22,23,MAGAZINES,0.0,0
1181075,2014-10-26,48,BREAD/BAKERY,1251.91,1
410783,2013-08-19,34,SEAFOOD,0.0,0
778983,2014-03-15,16,HOME CARE,278.0,0
1497642,2015-04-23,30,BEVERAGES,399.0,0
2807752,2017-04-29,4,GROCERY II,19.0,0
682390,2014-01-19,6,HOME AND KITCHEN II,14.0,0
2750122,2017-03-28,23,BABY CARE,0.0,0
2976267,2017-08-02,18,PRODUCE,1291.206,8
1039827,2014-08-08,34,PRODUCE,0.0,0
2394433,2016-09-08,42,LADIESWEAR,17.0,0
455849,2013-09-13,49,LAWN AND GARDEN,11.0,0
817627,2014-04-05,5,LADIESWEAR,0.0,0
1304350,2015-01-04,7,PERSONAL CARE,387.0,0
771596,2014-03-10,9,MAGAZINES,0.0,0
1631377,2015-07-07,32,"LIQUOR,WINE,BEER",1.0,0
2429441,2016-09-28,25,HARDWARE,0.0,0
2223981,2016-06-05,10,GROCERY I,3593.0,20
930924,2014-06-08,29,PLAYERS AND ELECTRONICS,0.0,0
2203271,2016-05-24,29,PET SUPPLIES,4.0,0
425917,2013-08-28,1,LADIESWEAR,0.0,0
2322523,2016-07-30,25,HOME AND KITCHEN II,18.0,0
1422871,2015-03-12,32,EGGS,118.0,7
2802163,2017-04-26,33,BABY CARE,0.0,0
670776,2014-01-13,3,HOME CARE,476.0,0
1284383,2014-12-23,46,MAGAZINES,6.0,0
1875234,2015-11-21,25,DELI,97.733,1
159756,2013-03-31,41,BEVERAGES,662.0,0
1111229,2014-09-17,38,LAWN AND GARDEN,10.0,0
1177774,2014-10-24,6,BOOKS,0.0,0
667478,2014-01-11,37,LAWN AND GARDEN,14.0,0
2518659,2016-11-17,29,AUTOMOTIVE,6.0,0
2585326,2016-12-24,49,CLEANING,2149.0,34
2951894,2017-07-19,34,FROZEN FOODS,44.0,0
1513458,2015-05-02,24,GROCERY I,4146.0,14
2959705,2017-07-23,53,BABY CARE,0.0,0
2525648,2016-11-21,24,PET SUPPLIES,10.0,0
2843420,2017-05-19,40,DAIRY,420.0,10
1673727,2015-07-31,21,AUTOMOTIVE,12.0,0
269231,2013-06-01,13,HOME APPLIANCES,0.0,0
1961241,2016-01-09,38,HOME CARE,476.0,0
1800555,2015-10-10,3,DELI,444.765,0
1921090,2015-12-17,11,POULTRY,966.581,0
523900,2013-10-21,9,PERSONAL CARE,379.0,0
263445,2013-05-28,50,CELEBRATION,0.0,0
1964706,2016-01-11,35,HOME CARE,90.0,0
688009,2014-01-23,13,PERSONAL CARE,105.0,0
405747,2013-08-16,43,GROCERY I,2599.0,0
63534,2013-02-05,41,DELI,107.738,0
2698566,2017-02-27,26,MEATS,175.391,0
805481,2014-03-30,1,HOME APPLIANCES,0.0,0
72289,2013-02-10,37,LADIESWEAR,0.0,0
120844,2013-03-09,49,SCHOOL AND OFFICE SUPPLIES,0.0,0
2460183,2016-10-15,38,AUTOMOTIVE,9.0,0
2419853,2016-09-22,6,PREPARED FOODS,110.339005,0
788027,2014-03-20,2,LAWN AND GARDEN,12.0,0
2942929,2017-07-14,32,"LIQUOR,WINE,BEER",36.0,1
96813,2013-02-24,25,MEATS,149.517,0
2863394,2017-05-30,50,HOME APPLIANCES,1.0,0
2581320,2016-12-22,36,PLAYERS AND ELECTRONICS,7.0,0
2017527,2016-02-10,18,CELEBRATION,5.0,0
1094069,2014-09-07,7,LAWN AND GARDEN,16.0,0
344895,2013-07-13,36,GROCERY I,2612.0,0
1096508,2014-09-09,25,HOME APPLIANCES,0.0,0
1693332,2015-08-11,21,BEVERAGES,2355.0,1
1082400,2014-09-01,3,AUTOMOTIVE,15.0,0
467580,2013-09-20,29,BEVERAGES,0.0,0
1377687,2015-02-15,15,BEVERAGES,529.0,0
2161484,2016-04-30,7,HOME APPLIANCES,1.0,0
2041957,2016-02-23,52,HOME AND KITCHEN II,0.0,0
703417,2014-01-31,45,"LIQUOR,WINE,BEER",262.0,0
2786091,2017-04-17,32,AUTOMOTIVE,0.0,0
1344900,2015-01-27,44,HOME CARE,0.0,0
1026242,2014-07-31,53,DAIRY,248.0,0
1767336,2015-09-21,47,LINGERIE,5.0,0
1781685,2015-09-29,5,HOME AND KITCHEN I,12.0,0
756053,2014-03-02,22,MAGAZINES,0.0,0
1486060,2015-04-16,6,BOOKS,0.0,0
794745,2014-03-23,9,CELEBRATION,17.0,0
2985116,2017-08-07,17,BEAUTY,5.0,1
1877504,2015-11-22,39,BEAUTY,9.0,0
2803141,2017-04-27,10,"LIQUOR,WINE,BEER",10.0,0
22991,2013-01-13,53,MAGAZINES,0.0,0
664209,2014-01-09,45,HOME CARE,375.0,0
1339685,2015-01-24,48,HOME APPLIANCES,1.0,0
897968,2014-05-20,54,BREAD/BAKERY,161.0,0
1543187,2015-05-18,9,DAIRY,732.0,1
2412050,2016-09-18,37,HARDWARE,0.0,0
847121,2014-04-22,28,FROZEN FOODS,23.0,1
38430,2013-01-22,37,HOME CARE,0.0,0
2852053,2017-05-24,32,POULTRY,43.13,0
1841429,2015-11-02,26,PREPARED FOODS,19.0,0
2288900,2016-07-11,31,LAWN AND GARDEN,1.0,0
2980481,2017-08-04,36,LAWN AND GARDEN,16.0,0
1527167,2015-05-09,9,PET SUPPLIES,0.0,0
632102,2013-12-21,44,LAWN AND GARDEN,19.0,0
2298647,2016-07-16,54,SEAFOOD,0.0,0
723451,2014-02-11,8,PERSONAL CARE,270.0,0
98042,2013-02-25,1,SEAFOOD,11.693,0
806869,2014-03-30,48,LADIESWEAR,89.0,0
249214,2013-05-20,50,SCHOOL AND OFFICE SUPPLIES,0.0,0
486458,2013-09-30,9,BREAD/BAKERY,604.0,0
1761135,2015-09-18,23,MEATS,440.757,45
2060134,2016-03-05,13,EGGS,34.0,0
2824384,2017-05-08,7,GROCERY II,44.0,0
2921496,2017-07-02,31,CELEBRATION,17.0,0
1445349,2015-03-25,13,HOME AND KITCHEN I,4.0,0
365022,2013-07-24,50,DELI,329.69,0
970507,2014-06-30,4,EGGS,166.0,1
867244,2014-05-03,42,BOOKS,0.0,0
293467,2013-06-14,42,SCHOOL AND OFFICE SUPPLIES,0.0,0
472980,2013-09-23,3,MEATS,710.363,0
1316039,2015-01-11,34,SEAFOOD,4.0,0
2124182,2016-04-10,10,BREAD/BAKERY,147.0,29
1668352,2015-07-28,20,BOOKS,0.0,0
2667491,2017-02-09,54,BEAUTY,0.0,0
606796,2013-12-07,34,PERSONAL CARE,365.0,0
351506,2013-07-17,21,MAGAZINES,0.0,0
536486,2013-10-29,12,BREAD/BAKERY,183.0,0
279779,2013-06-07,1,BREAD/BAKERY,332.801,0
270593,2013-06-01,50,PET SUPPLIES,0.0,0
2193667,2016-05-19,1,PERSONAL CARE,113.0,2
2611584,2017-01-09,35,PRODUCE,312.28,2
504948,2013-10-11,27,HOME AND KITCHEN I,0.0,0
1380918,2015-02-16,6,AUTOMOTIVE,8.0,0
1943741,2015-12-30,47,DAIRY,3020.0,6
2456369,2016-10-13,30,HARDWARE,2.0,0
80448,2013-02-15,16,PLAYERS AND ELECTRONICS,0.0,0
468191,2013-09-20,45,LAWN AND GARDEN,11.0,0
2538779,2016-11-28,42,MAGAZINES,6.0,0
2463370,2016-10-17,27,LADIESWEAR,7.0,0
2624667,2017-01-16,52,GROCERY I,0.0,0
1421225,2015-03-11,36,HARDWARE,0.0,0
693122,2014-01-25,7,MAGAZINES,7.0,0
597236,2013-12-02,17,BEAUTY,1.0,0
2115410,2016-04-05,14,FROZEN FOODS,51.0,0
2756909,2017-04-01,13,MAGAZINES,1.0,0
2978680,2017-08-03,36,BABY CARE,0.0,0
511044,2013-10-14,48,CELEBRATION,0.0,0
2711464,2017-03-06,38,LADIESWEAR,15.0,0
2151695,2016-04-25,31,PREPARED FOODS,65.846,0
1657758,2015-07-22,23,BEVERAGES,1149.0,9
1119034,2014-09-21,8,BOOKS,0.0,0
1521374,2015-05-06,46,DAIRY,1281.0,6
208011,2013-04-27,45,GROCERY I,9051.0,0
427302,2013-08-28,48,HOME CARE,0.0,0
20954,2013-01-12,46,SEAFOOD,60.708,0
2609114,2017-01-08,17,BEAUTY,8.0,0
2083113,2016-03-17,8,LINGERIE,27.0,0
2770774,2017-04-08,51,POULTRY,577.911,0
1531344,2015-05-12,26,GROCERY I,725.0,11
1773689,2015-09-25,26,BREAD/BAKERY,129.581,1
1309152,2015-01-07,41,DELI,215.143,1
1917246,2015-12-14,53,GROCERY I,1618.0,22
743560,2014-02-23,22,BOOKS,0.0,0
827597,2014-04-11,3,MAGAZINES,0.0,0
2021927,2016-02-12,40,HOME APPLIANCES,0.0,0
1123889,2014-09-24,43,DAIRY,204.0,0
2225004,2016-06-05,39,GROCERY I,6975.105,29
792057,2014-03-22,32,MEATS,56.195,0
274680,2013-06-04,16,LINGERIE,8.0,0
652264,2014-01-03,10,LADIESWEAR,9.0,0
584495,2013-11-24,9,SEAFOOD,20.398,0
1898736,2015-12-04,34,HOME AND KITCHEN I,27.0,0
735277,2014-02-18,4,BOOKS,0.0,0
842004,2014-04-19,34,DELI,208.013,0
818245,2014-04-06,18,EGGS,242.0,0
271876,2013-06-02,37,"LIQUOR,WINE,BEER",0.0,0
2794183,2017-04-22,1,CLEANING,701.0,26
865685,2014-05-02,48,PREPARED FOODS,115.912994,0
2637407,2017-01-24,10,HARDWARE,0.0,0
847843,2014-04-22,48,CLEANING,1281.0,0
504171,2013-10-10,54,PRODUCE,0.0,0
335603,2013-07-08,25,PET SUPPLIES,0.0,0
1684976,2015-08-06,36,PREPARED FOODS,63.355,0
2592064,2016-12-29,38,GROCERY II,25.0,0
1465066,2015-04-05,16,SCHOOL AND OFFICE SUPPLIES,0.0,0
2875336,2017-06-06,36,GROCERY II,8.0,0
2078962,2016-03-15,40,POULTRY,165.142,0
705145,2014-02-01,44,BABY CARE,0.0,0
2008875,2016-02-05,25,AUTOMOTIVE,8.0,0
2289574,2016-07-11,50,BABY CARE,0.0,0
2731678,2017-03-17,6,BOOKS,0.0,0
1076909,2014-08-29,25,LAWN AND GARDEN,3.0,0
549812,2013-11-05,35,SEAFOOD,1.0,0
517978,2013-10-18,42,EGGS,0.0,0
1394483,2015-02-24,36,BEAUTY,1.0,0
1105432,2014-09-14,25,SCHOOL AND OFFICE SUPPLIES,0.0,0
1998980,2016-01-30,47,BREAD/BAKERY,1562.478,0
2789778,2017-04-19,35,MEATS,165.158,2
1700003,2015-08-14,9,DAIRY,566.0,0
1689062,2015-08-08,50,MAGAZINES,7.0,0
2149226,2016-04-24,13,BEAUTY,2.0,0
2505504,2016-11-10,1,GROCERY I,2466.0,83
2889841,2017-06-14,42,SCHOOL AND OFFICE SUPPLIES,0.0,0
2562330,2016-12-11,53,GROCERY I,4313.0,117
2899158,2017-06-19,54,DELI,220.0,0
2541920,2016-11-30,30,PREPARED FOODS,17.0,7
279289,2013-06-06,45,EGGS,235.0,0
1237973,2014-11-27,44,FROZEN FOODS,409.577,2
611455,2013-12-10,15,SCHOOL AND OFFICE SUPPLIES,0.0,0
127521,2013-03-13,37,DELI,102.506,0
1267861,2014-12-14,33,BABY CARE,0.0,0
2375992,2016-08-29,25,PERSONAL CARE,0.0,0
2153810,2016-04-26,40,SEAFOOD,2.0,0
1091702,2014-09-06,4,PREPARED FOODS,193.45,0
1328924,2015-01-18,46,HARDWARE,1.0,0
2645702,2017-01-28,42,PET SUPPLIES,14.0,0
667466,2014-01-11,37,DAIRY,1164.0,0
2084669,2016-03-18,50,PET SUPPLIES,7.0,0
746487,2014-02-24,53,PLAYERS AND ELECTRONICS,0.0,0
1910129,2015-12-10,53,MAGAZINES,1.0,0
2822646,2017-05-07,8,MEATS,510.234,1
2603616,2017-01-05,12,HOME AND KITCHEN I,20.0,5
1755256,2015-09-14,9,LADIESWEAR,17.0,0
1066628,2014-08-23,37,BEAUTY,1.0,0
2000603,2016-01-31,42,FROZEN FOODS,179.899,2
2289893,2016-07-12,1,MAGAZINES,8.0,0
2652775,2017-02-01,41,BOOKS,0.0,0
1453830,2015-03-29,50,HOME AND KITCHEN I,83.0,0
585903,2013-11-25,48,LINGERIE,2.0,0
2176722,2016-05-09,34,DELI,276.839,2
1904119,2015-12-07,35,LADIESWEAR,0.0,0
86415,2013-02-18,33,LINGERIE,7.0,0
2379350,2016-08-31,2,HOME APPLIANCES,0.0,0
2506731,2016-11-10,43,HOME CARE,177.0,9
2155602,2016-04-27,41,DELI,176.435,2
2290758,2016-07-12,33,PRODUCE,1966.791,0
1299040,2015-01-01,8,POULTRY,0.0,0
2387380,2016-09-04,44,POULTRY,1652.8,1
225130,2013-05-07,26,BOOKS,0.0,0
1265947,2014-12-13,3,BABY CARE,0.0,0
2944953,2017-07-15,4,AUTOMOTIVE,1.0,0
1450588,2015-03-28,10,CLEANING,876.0,0
352206,2013-07-17,40,PRODUCE,0.0,0
1770611,2015-09-23,39,PREPARED FOODS,61.141,8
1890949,2015-11-30,16,HOME AND KITCHEN II,13.0,0
1817011,2015-10-19,40,SCHOOL AND OFFICE SUPPLIES,0.0,0
2021725,2016-02-12,35,GROCERY II,0.0,0
162619,2013-04-02,21,POULTRY,0.0,0
2344018,2016-08-11,28,POULTRY,124.505,0
1421068,2015-03-11,31,"LIQUOR,WINE,BEER",30.0,0
462651,2013-09-17,4,MEATS,253.649,0
503938,2013-10-10,48,POULTRY,377.797,0
1192531,2014-11-02,2,EGGS,191.0,0
288666,2013-06-11,9,HOME AND KITCHEN I,0.0,0
2675426,2017-02-14,27,HOME APPLIANCES,3.0,0
374698,2013-07-30,22,HOME AND KITCHEN II,0.0,0
824406,2014-04-09,40,AUTOMOTIVE,4.0,0
2449334,2016-10-09,33,DAIRY,598.0,12
2370094,2016-08-26,10,BABY CARE,1.0,0
286594,2013-06-10,5,"LIQUOR,WINE,BEER",33.0,0
1184393,2014-10-28,40,MAGAZINES,0.0,0
2561061,2016-12-11,18,PRODUCE,2107.437,10
2110082,2016-04-02,14,PREPARED FOODS,108.0,0
869616,2014-05-05,1,AUTOMOTIVE,0.0,0
66993,2013-02-07,39,BEVERAGES,765.0,0
1346688,2015-01-28,44,MEATS,672.313,0
2348862,2016-08-14,14,LINGERIE,1.0,0
653393,2014-01-03,41,PET SUPPLIES,3.0,0
1974031,2016-01-16,47,BOOKS,0.0,0
2237027,2016-06-12,26,MAGAZINES,0.0,0
131320,2013-03-15,43,GROCERY II,5.0,0
2654805,2017-02-02,48,LINGERIE,5.0,0
2241741,2016-06-14,9,HOME CARE,354.0,4
2405293,2016-09-14,47,"LIQUOR,WINE,BEER",93.0,0
7021,2013-01-04,6,PERSONAL CARE,224.0,0
1005226,2014-07-20,14,GROCERY II,0.0,0
694333,2014-01-26,40,GROCERY II,11.0,0
1146679,2014-10-07,32,POULTRY,36.046,0
1183164,2014-10-27,7,HOME AND KITCHEN I,17.0,0
2791657,2017-04-20,38,"LIQUOR,WINE,BEER",62.0,2
2627091,2017-01-18,20,PLAYERS AND ELECTRONICS,8.0,0
1448020,2015-03-26,38,GROCERY II,12.0,0
2338213,2016-08-08,15,SCHOOL AND OFFICE SUPPLIES,6.0,5
1866542,2015-11-16,30,PREPARED FOODS,24.0,0
2865138,2017-05-31,5,GROCERY I,2876.0,46
391390,2013-08-08,40,EGGS,203.0,0
2302105,2016-07-18,51,PERSONAL CARE,324.0,5
1798183,2015-10-09,13,GROCERY II,11.0,0
430671,2013-08-30,42,LINGERIE,0.0,0
2875510,2017-06-06,40,"LIQUOR,WINE,BEER",59.0,3
1123947,2014-09-24,45,AUTOMOTIVE,5.0,0
256397,2013-05-24,52,LAWN AND GARDEN,0.0,0
2653002,2017-02-01,48,AUTOMOTIVE,20.0,2
2878927,2017-06-08,37,CLEANING,952.0,23
2314000,2016-07-25,36,CLEANING,860.0,17
316127,2013-06-27,29,LAWN AND GARDEN,0.0,0
2523109,2016-11-19,52,POULTRY,0.0,0
1086586,2014-09-03,46,POULTRY,1036.962,0
1789506,2015-10-04,2,HOME AND KITCHEN I,34.0,0
1004027,2014-07-19,30,BEAUTY,1.0,0
763502,2014-03-06,31,HARDWARE,0.0,0
2875855,2017-06-06,50,BOOKS,0.0,0
2636913,2017-01-23,46,HOME AND KITCHEN I,84.0,4
2304186,2016-07-20,10,PLAYERS AND ELECTRONICS,2.0,0
2318393,2016-07-28,1,FROZEN FOODS,239.0,1
1320927,2015-01-14,22,BEVERAGES,0.0,0
1453033,2015-03-29,29,EGGS,249.0,0
1714394,2015-08-23,12,FROZEN FOODS,27.0,0
2250706,2016-06-20,10,CLEANING,1071.0,12
2587352,2016-12-26,6,LAWN AND GARDEN,9.0,0
266366,2013-05-30,32,MAGAZINES,0.0,0
947420,2014-06-17,41,MAGAZINES,0.0,0
2287850,2016-07-10,51,PET SUPPLIES,25.0,1
2964744,2017-07-26,44,MEATS,803.854,0
1963849,2016-01-11,11,LADIESWEAR,19.0,0
742746,2014-02-22,49,HOME AND KITCHEN I,0.0,0
2149355,2016-04-24,16,SEAFOOD,5.0,0
2922380,2017-07-02,6,SEAFOOD,78.927,0
516714,2013-10-17,8,AUTOMOTIVE,4.0,0
2663724,2017-02-07,48,PRODUCE,1707.341,4
809913,2014-04-01,33,PLAYERS AND ELECTRONICS,0.0,0
2176019,2016-05-09,14,SEAFOOD,3.0,0
1820734,2015-10-21,45,PERSONAL CARE,408.0,1
2589855,2016-12-28,26,HOME AND KITCHEN I,45.0,9
2736286,2017-03-20,34,PERSONAL CARE,361.0,12
211525,2013-04-29,43,POULTRY,103.908005,0
640517,2013-12-27,30,LAWN AND GARDEN,0.0,0
1851931,2015-11-08,21,BOOKS,0.0,0
2370347,2016-08-26,17,MAGAZINES,6.0,0
1937574,2015-12-27,24,GROCERY I,3830.0,7
1305605,2015-01-05,41,PET SUPPLIES,0.0,0
1217165,2014-11-16,10,PET SUPPLIES,0.0,0
1506879,2015-04-28,4,AUTOMOTIVE,5.0,0
724487,2014-02-12,37,BREAD/BAKERY,522.43,0
2286951,2016-07-10,27,HOME CARE,300.0,1
2301420,2016-07-18,33,AUTOMOTIVE,11.0,0
2893706,2017-06-16,51,BEAUTY,7.0,2
2554069,2016-12-07,22,BABY CARE,0.0,0
1587292,2015-06-12,45,PERSONAL CARE,527.0,1
2368550,2016-08-25,17,DAIRY,447.0,1
1647374,2015-07-16,31,HARDWARE,0.0,0
2480127,2016-10-26,47,GROCERY I,7491.0,104
553155,2013-11-07,3,DELI,243.003,0
695105,2014-01-27,12,PET SUPPLIES,0.0,0
2016378,2016-02-09,35,GROCERY I,1376.0,4
2710449,2017-03-06,1,PLAYERS AND ELECTRONICS,11.0,0
537544,2013-10-29,41,CLEANING,434.0,0
1659981,2015-07-23,35,HOME AND KITCHEN I,1.0,0
1742510,2015-09-07,50,FROZEN FOODS,99.661,1
992322,2014-07-12,51,GROCERY I,6223.0,1
2509524,2016-11-12,22,CELEBRATION,23.0,0
2343744,2016-08-11,20,HOME CARE,276.0,8
2197554,2016-05-21,19,HOME CARE,316.0,4
417963,2013-08-23,36,HOME CARE,0.0,0
1290285,2014-12-28,12,HOME CARE,233.0,0
1820867,2015-10-21,49,PET SUPPLIES,8.0,0
1237042,2014-11-27,19,BOOKS,0.0,0
821061,2014-04-07,46,LINGERIE,0.0,0
505198,2013-10-11,34,BABY CARE,0.0,0
410811,2013-08-19,35,PLAYERS AND ELECTRONICS,0.0,0
675175,2014-01-15,52,POULTRY,0.0,0
1933712,2015-12-24,16,FROZEN FOODS,280.432,0
2956600,2017-07-22,16,SCHOOL AND OFFICE SUPPLIES,0.0,0
2264506,2016-06-27,47,GROCERY II,24.0,0
818026,2014-04-06,11,"LIQUOR,WINE,BEER",0.0,0
2729579,2017-03-16,46,HOME APPLIANCES,1.0,0
1268816,2014-12-15,1,SEAFOOD,20.898,0
312939,2013-06-25,4,AUTOMOTIVE,15.0,0
2760064,2017-04-02,51,EGGS,354.0,2
29124,2013-01-17,26,HOME CARE,0.0,0
2989001,2017-08-09,25,PET SUPPLIES,10.0,0
1271127,2014-12-16,25,AUTOMOTIVE,1.0,0
1537725,2015-05-15,54,MEATS,49.157,0
569310,2013-11-16,32,PLAYERS AND ELECTRONICS,0.0,0
1406853,2015-03-03,32,PRODUCE,0.0,0
1777242,2015-09-27,25,PLAYERS AND ELECTRONICS,6.0,0
23780,2013-01-14,26,LAWN AND GARDEN,0.0,0
675179,2014-01-15,52,SEAFOOD,0.0,0
2652020,2017-02-01,20,DAIRY,1047.0,154
2014833,2016-02-08,41,HOME CARE,155.0,0
375285,2013-07-30,39,DELI,132.423,0
1549970,2015-05-22,48,PET SUPPLIES,0.0,0
2206954,2016-05-26,32,GROCERY II,0.0,0
2535578,2016-11-26,52,MAGAZINES,0.0,0
2724725,2017-03-14,10,HARDWARE,1.0,0
150731,2013-03-26,38,LAWN AND GARDEN,1.0,0
2500220,2016-11-07,11,DAIRY,647.0,20
2396993,2016-09-10,15,BREAD/BAKERY,151.0,7
410825,2013-08-19,36,DAIRY,142.0,0
2880486,2017-06-09,30,HOME AND KITCHEN I,3.0,2
2322185,2016-07-30,16,DAIRY,219.0,6
2645623,2017-01-28,40,GROCERY II,9.0,0
200416,2013-04-23,32,CLEANING,335.0,0
1239010,2014-11-28,23,PERSONAL CARE,104.0,0
320170,2013-06-29,42,BOOKS,0.0,0
1645758,2015-07-15,36,HOME AND KITCHEN I,9.0,0
1797390,2015-10-08,40,GROCERY I,4182.0,17
251212,2013-05-21,8,HOME AND KITCHEN II,0.0,0
395740,2013-08-11,13,BOOKS,0.0,0
356611,2013-07-20,15,GROCERY II,14.0,0
391596,2013-08-08,46,HOME CARE,0.0,0
2093919,2016-03-24,11,BEVERAGES,4052.0,0
855785,2014-04-27,20,PREPARED FOODS,0.0,0
1036787,2014-08-06,49,PET SUPPLIES,0.0,0
2189393,2016-05-16,4,DAIRY,933.0,5
713127,2014-02-06,18,PRODUCE,0.0,0
626134,2013-12-18,27,PERSONAL CARE,128.0,0
563299,2013-11-13,14,"LIQUOR,WINE,BEER",3.0,0
2276001,2016-07-04,2,MEATS,442.808,12
2924172,2017-07-03,7,DELI,191.487,4
877307,2014-05-09,25,BEAUTY,0.0,0
1778366,2015-09-27,7,PREPARED FOODS,233.267,0
1535398,2015-05-14,4,CLEANING,562.0,2
1322445,2015-01-15,15,BEVERAGES,725.0,0
411646,2013-08-20,1,BOOKS,0.0,0
383150,2013-08-04,1,LAWN AND GARDEN,5.0,0
1708760,2015-08-19,53,LAWN AND GARDEN,0.0,0
140925,2013-03-21,13,HOME AND KITCHEN I,0.0,0
1190926,2014-11-01,24,"LIQUOR,WINE,BEER",129.0,0
2013831,2016-02-08,14,CELEBRATION,12.0,0
1691415,2015-08-10,18,AUTOMOTIVE,5.0,0
1528161,2015-05-10,36,PRODUCE,0.0,0
1682963,2015-08-05,3,PREPARED FOODS,320.43,1
2237091,2016-06-12,28,LINGERIE,10.0,0
2592260,2016-12-29,43,FROZEN FOODS,575.142,10
2514471,2016-11-15,11,BEVERAGES,3914.0,43
2143154,2016-04-20,42,BEAUTY,5.0,0
2214920,2016-05-30,6,PET SUPPLIES,10.0,0
1364596,2015-02-07,47,GROCERY II,100.0,0
1542062,2015-05-18,27,BREAD/BAKERY,607.822,1
2486763,2016-10-30,33,HOME AND KITCHEN I,61.0,16
2524745,2016-11-20,49,HARDWARE,5.0,0
2880174,2017-06-09,22,AUTOMOTIVE,5.0,0
2765544,2017-04-05,6,GROCERY I,5247.0,53
234448,2013-05-12,37,HOME AND KITCHEN II,0.0,0
44793,2013-01-26,16,GROCERY I,2435.0,0
2896184,2017-06-18,21,BREAD/BAKERY,723.0,75
502341,2013-10-09,53,HOME AND KITCHEN I,0.0,0
2549068,2016-12-04,31,HOME AND KITCHEN II,28.0,3
728730,2014-02-14,6,MEATS,553.6264,0
2756605,2017-03-31,54,HOME AND KITCHEN II,11.0,0
647163,2013-12-31,18,AUTOMOTIVE,2.0,0
593871,2013-11-30,22,BEVERAGES,0.0,0
1786217,2015-10-02,27,PET SUPPLIES,8.0,0
2974974,2017-08-01,31,MEATS,440.962,0
832000,2014-04-13,53,BOOKS,0.0,0
1965921,2016-01-12,2,GROCERY I,3381.0,5
1174730,2014-10-23,2,PREPARED FOODS,97.882,0
2100693,2016-03-27,50,GROCERY I,6971.0,32
2060685,2016-03-05,29,AUTOMOTIVE,16.0,0
2781057,2017-04-14,40,HOME AND KITCHEN I,13.0,2
2760870,2017-04-03,24,MEATS,340.269,0
959366,2014-06-24,27,MAGAZINES,0.0,0
403831,2013-08-15,4,EGGS,119.0,0
2457181,2016-10-13,53,BABY CARE,0.0,0
405608,2013-08-16,4,BREAD/BAKERY,331.024,0
2967622,2017-07-28,25,SCHOOL AND OFFICE SUPPLIES,2.0,0
1304668,2015-01-05,16,GROCERY II,0.0,0
2868008,2017-06-02,30,FROZEN FOODS,48.0,0
74795,2013-02-11,8,HOME APPLIANCES,0.0,0
131473,2013-03-15,48,BABY CARE,0.0,0
320530,2013-06-29,52,BABY CARE,0.0,0
52917,2013-01-30,43,HOME CARE,0.0,0
1342955,2015-01-26,4,LAWN AND GARDEN,3.0,0
2165782,2016-05-03,27,PERSONAL CARE,253.0,3
1552320,2015-05-24,15,AUTOMOTIVE,4.0,0
1007443,2014-07-21,26,LADIESWEAR,8.0,0
680465,2014-01-18,51,BREAD/BAKERY,937.511,0
37165,2013-01-21,51,CLEANING,1336.0,0
2212863,2016-05-29,48,HOME AND KITCHEN I,96.0,1
2182061,2016-05-12,34,BEAUTY,0.0,0
2462181,2016-10-16,43,HOME CARE,265.0,11
2455603,2016-10-13,1,CLEANING,596.0,30
835050,2014-04-15,39,HOME CARE,0.0,0
2736375,2017-03-20,37,HOME AND KITCHEN I,20.0,2
1962281,2016-01-10,18,BEAUTY,4.0,0
2508967,2016-11-11,7,EGGS,301.0,30
1082393,2014-09-01,29,PET SUPPLIES,0.0,0
1517004,2015-05-04,23,PLAYERS AND ELECTRONICS,0.0,0
31993,2013-01-18,7,HOME AND KITCHEN II,0.0,0
260959,2013-05-27,30,POULTRY,48.276,0
2016166,2016-02-09,29,SCHOOL AND OFFICE SUPPLIES,1.0,0
1427775,2015-03-15,2,PRODUCE,5.0,0
2129357,2016-04-12,54,SEAFOOD,3.0,0
1478914,2015-04-12,54,LADIESWEAR,0.0,0
1443875,2015-03-24,21,PET SUPPLIES,0.0,0
2548718,2016-12-04,21,PREPARED FOODS,125.832,0
2921266,2017-07-02,25,CLEANING,459.0,30
19469,2013-01-11,54,SEAFOOD,0.0,0
2537452,2016-11-27,6,HOME AND KITCHEN II,76.0,1
33233,2013-01-19,41,BEAUTY,3.0,0
923196,2014-06-04,12,LINGERIE,3.0,0
295228,2013-06-15,42,EGGS,0.0,0
1811131,2015-10-16,26,PERSONAL CARE,156.0,1
1105239,2014-09-14,20,BEVERAGES,0.0,0
370531,2013-07-27,6,CLEANING,1097.0,0
2156994,2016-04-28,30,HOME AND KITCHEN I,9.0,0
426378,2013-08-28,22,HOME CARE,0.0,0
1824013,2015-10-23,38,BOOKS,0.0,0
1231024,2014-11-23,49,PERSONAL CARE,576.0,0
76907,2013-02-13,17,HOME APPLIANCES,0.0,0
1136499,2014-10-01,47,GROCERY I,9744.0,2
112184,2013-03-04,7,HOME APPLIANCES,0.0,0
1572587,2015-06-04,33,BREAD/BAKERY,216.0,0
1453026,2015-03-29,29,BEVERAGES,1024.0,1
975308,2014-07-03,24,PET SUPPLIES,0.0,0
91940,2013-02-21,39,BEAUTY,3.0,0
842851,2014-04-19,8,SCHOOL AND OFFICE SUPPLIES,0.0,0
1866470,2015-11-16,29,MAGAZINES,1.0,0
2783290,2017-04-15,53,BOOKS,1.0,0
1717784,2015-08-24,8,BEAUTY,4.0,0
1609636,2015-06-25,22,POULTRY,0.0,0
2494472,2016-11-03,5,BEAUTY,10.0,1
2943509,2017-07-14,49,DAIRY,2180.0,30
2304331,2016-07-20,15,CLEANING,1051.0,19
379342,2013-08-01,52,CLEANING,0.0,0
2492960,2016-11-02,8,DAIRY,1591.0,30
937332,2014-06-12,1,AUTOMOTIVE,4.0,0
219429,2013-05-04,16,GROCERY I,3461.0,0
1880964,2015-11-24,35,PRODUCE,603.774,73
1567927,2015-06-01,51,SCHOOL AND OFFICE SUPPLIES,1.0,0
1227698,2014-11-21,6,SEAFOOD,46.037003,6
496675,2013-10-06,44,PERSONAL CARE,734.0,0
1824075,2015-10-23,4,AUTOMOTIVE,1.0,0
2398473,2016-09-10,7,AUTOMOTIVE,2.0,0
1224550,2014-11-20,18,LADIESWEAR,9.0,0
2770722,2017-04-08,50,DELI,759.847,8
1490123,2015-04-19,2,DAIRY,1277.0,1
426959,2013-08-28,39,BREAD/BAKERY,558.0,0
239160,2013-05-15,2,DELI,163.693,0
2256557,2016-06-23,24,HOME APPLIANCES,0.0,0
2097308,2016-03-25,6,PET SUPPLIES,9.0,0
566958,2013-11-15,17,HOME CARE,0.0,0
1647233,2015-07-16,28,BREAD/BAKERY,585.0,2
347743,2013-07-15,16,"LIQUOR,WINE,BEER",12.0,0
995822,2014-07-14,5,HARDWARE,2.0,0
2138214,2016-04-17,53,GROCERY I,79.0,0
309698,2013-06-23,48,PET SUPPLIES,0.0,0
1524178,2015-05-08,25,CLEANING,278.0,0
1814242,2015-10-18,14,BABY CARE,0.0,0
1019376,2014-07-28,11,CELEBRATION,67.0,0
398566,2013-08-12,41,PERSONAL CARE,116.0,0
1143247,2014-10-05,36,POULTRY,117.021996,0
1573498,2015-06-04,9,PERSONAL CARE,419.0,0
2641553,2017-01-26,27,BEAUTY,3.0,1
488776,2013-10-02,23,GROCERY II,11.0,0
1730243,2015-08-31,7,LAWN AND GARDEN,3.0,0
1862630,2015-11-14,21,FROZEN FOODS,119.481,16
2414775,2016-09-20,14,AUTOMOTIVE,2.0,0
251693,2013-05-22,21,BEAUTY,0.0,0
755895,2014-03-02,18,PRODUCE,1092.528,0
620432,2013-12-15,17,SEAFOOD,11.0,0
1288647,2014-12-27,16,PRODUCE,601.079,5
487576,2013-10-01,4,BABY CARE,0.0,0
1179684,2014-10-26,1,AUTOMOTIVE,1.0,0
1147242,2014-10-07,48,PRODUCE,1647.45,2
2195899,2016-05-20,22,GROCERY II,0.0,0
2610593,2017-01-08,8,PREPARED FOODS,221.327,1
2367500,2016-08-24,37,HARDWARE,1.0,0
2021318,2016-02-12,24,BEAUTY,7.0,0
2295521,2016-07-15,18,DAIRY,425.0,5
443863,2013-09-07,13,GROCERY II,11.0,0
2715687,2017-03-08,7,HOME CARE,313.0,6
1052842,2014-08-15,5,EGGS,117.0,24
1841757,2015-11-02,35,PLAYERS AND ELECTRONICS,0.0,0
2994503,2017-08-12,3,HOME APPLIANCES,0.0,0
729368,2014-02-15,24,BEAUTY,9.0,0
103014,2013-02-27,49,LINGERIE,1.0,0
339713,2013-07-10,40,FROZEN FOODS,6.0,0
1999343,2016-01-30,8,BREAD/BAKERY,1026.687,1
2626629,2017-01-17,8,PLAYERS AND ELECTRONICS,20.0,0
1672484,2015-07-30,36,FROZEN FOODS,62.0,0
1524761,2015-05-08,40,PREPARED FOODS,28.0,0
1911133,2015-12-11,32,BOOKS,0.0,0
1159693,2014-10-14,48,CLEANING,1252.0,3
1470605,2015-04-08,21,PET SUPPLIES,0.0,0
2160658,2016-04-30,33,HOME AND KITCHEN II,17.0,0
1564238,2015-05-30,49,BREAD/BAKERY,1478.425,2
453638,2013-09-12,37,LAWN AND GARDEN,4.0,0
987497,2014-07-10,17,BREAD/BAKERY,161.0,0
1483716,2015-04-15,4,BEVERAGES,1179.0,2
2282740,2016-07-07,9,SCHOOL AND OFFICE SUPPLIES,2.0,0
457494,2013-09-14,45,HOME AND KITCHEN I,0.0,0
2233191,2016-06-10,19,HOME AND KITCHEN I,15.0,0
2644972,2017-01-28,22,"LIQUOR,WINE,BEER",57.0,1
691553,2014-01-25,13,BREAD/BAKERY,158.0,0
1160790,2014-10-15,29,HOME AND KITCHEN I,0.0,0
1197017,2014-11-04,45,DAIRY,1999.0,3
2574462,2016-12-18,44,AUTOMOTIVE,18.0,2
417327,2013-08-23,19,DELI,134.0,0
1773606,2015-09-25,23,LINGERIE,8.0,0
1051228,2014-08-14,54,GROCERY II,7.0,0
1621572,2015-07-01,8,HOME CARE,420.0,0
2092084,2016-03-23,1,HOME AND KITCHEN II,53.0,2
2192573,2016-05-18,29,LAWN AND GARDEN,0.0,0
2976330,2017-08-02,2,PLAYERS AND ELECTRONICS,16.0,0
2791089,2017-04-20,22,HOME AND KITCHEN I,145.0,5
1423715,2015-03-12,6,PREPARED FOODS,89.285,0
1991786,2016-01-26,45,BREAD/BAKERY,949.225,0
299381,2013-06-18,1,BREAD/BAKERY,240.482,0
2406282,2016-09-15,25,LINGERIE,0.0,0
174251,2013-04-08,48,FROZEN FOODS,111.0,0
1443794,2015-03-24,2,FROZEN FOODS,75.895996,0
2263525,2016-06-27,2,"LIQUOR,WINE,BEER",38.0,0
1833829,2015-10-29,13,LADIESWEAR,5.0,0
266121,2013-05-30,26,DELI,99.115,0
2749994,2017-03-28,2,BREAD/BAKERY,666.0,3
1602281,2015-06-21,16,SEAFOOD,1.0,0
1826474,2015-10-24,7,MAGAZINES,21.0,0
1060925,2014-08-20,27,DAIRY,715.0,4
1301347,2015-01-03,22,PERSONAL CARE,0.0,0
1476773,2015-04-11,44,MAGAZINES,8.0,0
1106239,2014-09-14,48,GROCERY II,81.0,0
754260,2014-03-01,22,GROCERY I,0.0,0
163504,2013-04-02,46,"LIQUOR,WINE,BEER",38.0,0
753747,2014-02-28,8,PLAYERS AND ELECTRONICS,0.0,0
305512,2013-06-21,30,SCHOOL AND OFFICE SUPPLIES,0.0,0
14910,2013-01-09,27,PLAYERS AND ELECTRONICS,0.0,0
109855,2013-03-03,40,SCHOOL AND OFFICE SUPPLIES,0.0,0
136847,2013-03-18,48,PREPARED FOODS,84.578995,0
52206,2013-01-30,24,AUTOMOTIVE,4.0,0
2641246,2017-01-26,18,PERSONAL CARE,94.0,7
2236707,2016-06-12,18,AUTOMOTIVE,1.0,0
2628964,2017-01-19,23,LADIESWEAR,15.0,0
16465,2013-01-10,20,SCHOOL AND OFFICE SUPPLIES,0.0,0
1308970,2015-01-07,36,PERSONAL CARE,328.0,0
1677214,2015-08-02,19,"LIQUOR,WINE,BEER",0.0,0
696807,2014-01-28,10,GROCERY I,1873.0,0
438028,2013-09-03,49,LADIESWEAR,0.0,0
641923,2013-12-28,20,CLEANING,0.0,0
2108779,2016-04-01,28,GROCERY II,13.0,0
2465583,2016-10-18,39,LINGERIE,4.0,0
1574900,2015-06-05,48,DAIRY,1169.0,8
2866535,2017-06-01,39,MAGAZINES,4.0,0
2564845,2016-12-13,24,LADIESWEAR,22.0,0
1509519,2015-04-30,14,AUTOMOTIVE,2.0,0
2407631,2016-09-16,13,HOME APPLIANCES,0.0,0
130165,2013-03-15,11,GROCERY II,12.0,0
284963,2013-06-09,54,DAIRY,69.0,0
345342,2013-07-13,48,PRODUCE,13.0,0
59528,2013-02-03,29,PREPARED FOODS,0.0,0
2332017,2016-08-04,41,CELEBRATION,9.0,0
1119361,2014-09-22,17,BABY CARE,0.0,0
164948,2013-04-03,37,HARDWARE,0.0,0
1021527,2014-07-29,21,GROCERY I,0.0,0
660739,2014-01-07,48,GROCERY II,20.0,0
891415,2014-05-17,20,LADIESWEAR,0.0,0
1943394,2015-12-30,37,MEATS,229.964,0
155086,2013-03-29,10,LADIESWEAR,0.0,0
497089,2013-10-06,7,EGGS,300.0,0
1960957,2016-01-09,3,SCHOOL AND OFFICE SUPPLIES,2.0,0
2216685,2016-05-31,6,DELI,429.558,8
1179454,2014-10-25,52,BABY CARE,0.0,0
2885662,2017-06-12,26,EGGS,34.0,2
2681098,2017-02-17,36,GROCERY II,3.0,0
1407644,2015-03-03,54,PREPARED FOODS,13.0,0
919994,2014-06-02,22,LAWN AND GARDEN,0.0,0
2529287,2016-11-23,27,BEAUTY,5.0,1
1160033,2014-10-14,8,HOME APPLIANCES,1.0,0
261717,2013-05-27,51,PLAYERS AND ELECTRONICS,0.0,0
1912880,2015-12-12,31,BEAUTY,3.0,0
2272506,2016-07-02,21,PLAYERS AND ELECTRONICS,2.0,0
1819911,2015-10-21,22,PLAYERS AND ELECTRONICS,5.0,0
1063155,2014-08-21,39,PLAYERS AND ELECTRONICS,0.0,0
692295,2014-01-25,33,LINGERIE,21.0,0
1911188,2015-12-11,33,PET SUPPLIES,0.0,0
2411394,2016-09-18,19,HOME CARE,221.0,12
1236500,2014-11-26,52,MAGAZINES,0.0,0
607973,2013-12-08,18,HARDWARE,0.0,0
1212536,2014-11-13,30,HOME APPLIANCES,0.0,0
1549309,2015-05-22,3,PERSONAL CARE,430.0,5
2138693,2016-04-18,17,PREPARED FOODS,74.0,0
1041338,2014-08-09,27,MAGAZINES,0.0,0
736156,2014-02-19,14,PERSONAL CARE,269.0,0
594532,2013-11-30,40,BOOKS,0.0,0
1445887,2015-03-25,28,PERSONAL CARE,223.0,0
2157873,2016-04-28,6,BEVERAGES,2140.0,25
1015743,2014-07-26,1,BEVERAGES,2101.0,0
761397,2014-03-05,22,LINGERIE,0.0,0
1158430,2014-10-14,12,SCHOOL AND OFFICE SUPPLIES,0.0,0
1588691,2015-06-13,35,BREAD/BAKERY,163.0,1
1223468,2014-11-19,37,PET SUPPLIES,11.0,0
2158065,2016-04-29,10,PRODUCE,164.22,1
1401104,2015-02-28,21,MAGAZINES,0.0,0
135222,2013-03-17,52,LINGERIE,0.0,0
1372220,2015-02-12,11,HARDWARE,1.0,0
1822903,2015-10-22,7,HOME AND KITCHEN II,64.0,0
384023,2013-08-04,34,BEAUTY,4.0,0
200329,2013-04-23,3,LADIESWEAR,0.0,0
740120,2014-02-21,25,PREPARED FOODS,54.591,0
1565517,2015-05-31,34,PRODUCE,0.0,0
1534143,2015-05-13,54,CELEBRATION,0.0,0
814563,2014-04-04,14,MEATS,229.679,0
1381513,2015-02-17,22,BABY CARE,0.0,0
1278963,2014-12-20,44,HOME AND KITCHEN I,188.0,0
654651,2014-01-04,27,PRODUCE,2205.031,0
853409,2014-04-25,53,PREPARED FOODS,0.0,0
510115,2013-10-14,22,BABY CARE,0.0,0
2486948,2016-10-30,39,BEAUTY,5.0,1
2508803,2016-11-11,51,FROZEN FOODS,366.695,9
2037970,2016-02-21,40,"LIQUOR,WINE,BEER",0.0,0
1437753,2015-03-20,5,DELI,346.613,54
2807122,2017-04-29,22,EGGS,60.0,0
1680559,2015-08-04,13,BABY CARE,0.0,0
1463761,2015-04-04,3,GROCERY II,127.0,0
264120,2013-05-29,2,LINGERIE,11.0,0
1803196,2015-10-11,53,EGGS,100.0,2
332479,2013-07-06,38,BOOKS,0.0,0
1863781,2015-11-14,53,CLEANING,745.0,4
183363,2013-04-13,53,HOME AND KITCHEN I,0.0,0
2970219,2017-07-29,48,LINGERIE,0.0,0
2328164,2016-08-02,33,HARDWARE,0.0,0
1748915,2015-09-11,30,HARDWARE,1.0,0
1033300,2014-08-04,51,BOOKS,0.0,0
361518,2013-07-22,52,BEVERAGES,0.0,0
2723112,2017-03-13,15,HOME CARE,267.0,12
1637884,2015-07-11,15,POULTRY,153.172,0
139702,2013-03-20,29,GROCERY II,0.0,0
2622203,2017-01-15,33,MAGAZINES,5.0,0
1185818,2014-10-29,30,PREPARED FOODS,33.0,0
955957,2014-06-22,31,GROCERY II,23.0,0
1372966,2015-02-12,32,BABY CARE,0.0,0
79527,2013-02-14,4,PRODUCE,0.0,0
1470730,2015-04-08,25,LADIESWEAR,0.0,0
2288363,2016-07-11,17,FROZEN FOODS,88.0,2
955652,2014-06-22,23,BREAD/BAKERY,289.173,1
1844503,2015-11-04,13,BABY CARE,0.0,0
431182,2013-08-30,8,BOOKS,0.0,0
2180442,2016-05-11,39,AUTOMOTIVE,14.0,0
1480398,2015-04-13,46,HOME CARE,0.0,0
1520108,2015-05-06,10,PREPARED FOODS,12.0,0
1973542,2016-01-16,33,EGGS,150.0,0
2314621,2016-07-25,53,BABY CARE,0.0,0
1933666,2015-12-24,14,SCHOOL AND OFFICE SUPPLIES,0.0,0
1734143,2015-09-03,16,PET SUPPLIES,0.0,0
1779627,2015-09-28,42,BEVERAGES,2061.0,6
677386,2014-01-17,15,POULTRY,91.262,0
435650,2013-09-02,32,HOME APPLIANCES,0.0,0
1448716,2015-03-26,8,HOME AND KITCHEN II,9.0,0
1575088,2015-06-05,52,SCHOOL AND OFFICE SUPPLIES,0.0,0
1352454,2015-01-31,7,HOME AND KITCHEN I,19.0,0
601177,2013-12-04,27,HOME AND KITCHEN II,0.0,0
659619,2014-01-07,17,HOME AND KITCHEN I,15.0,0
1729511,2015-08-31,36,HARDWARE,1.0,0
599951,2013-12-03,42,FROZEN FOODS,0.0,0
1370588,2015-02-11,15,SEAFOOD,13.0,0
613715,2013-12-11,29,HARDWARE,0.0,0
1796799,2015-10-08,24,HOME AND KITCHEN I,22.0,0
2248666,2016-06-18,52,GROCERY II,0.0,0
972504,2014-07-01,45,PLAYERS AND ELECTRONICS,17.0,0
2200074,2016-05-22,39,PRODUCE,2377.168,1
2690084,2017-02-22,38,MAGAZINES,9.0,0
1097877,2014-09-10,14,AUTOMOTIVE,0.0,0
714471,2014-02-06,6,LINGERIE,8.0,0
638920,2013-12-26,36,CLEANING,712.0,0
1984753,2016-01-22,48,BABY CARE,0.0,0
2677042,2017-02-15,22,HOME AND KITCHEN II,21.0,0
1770422,2015-09-23,34,BREAD/BAKERY,501.0,2
2550241,2016-12-05,15,BABY CARE,4.0,0
1334588,2015-01-21,6,BEAUTY,2.0,0
1772354,2015-09-24,38,MAGAZINES,2.0,0
733886,2014-02-17,5,SEAFOOD,6.974,0
887021,2014-05-14,47,HARDWARE,0.0,0
480423,2013-09-27,39,DELI,66.074,0
2536667,2016-11-27,33,MAGAZINES,4.0,0
1776460,2015-09-26,53,BOOKS,0.0,0
2845251,2017-05-20,41,MEATS,273.743,0
2030973,2016-02-17,44,LINGERIE,35.0,0
607123,2013-12-07,43,"LIQUOR,WINE,BEER",187.0,0
1502739,2015-04-26,23,HOME CARE,0.0,0
1570264,2015-06-03,18,PERSONAL CARE,136.0,0
460123,2013-09-16,2,BOOKS,0.0,0
237689,2013-05-14,28,MAGAZINES,0.0,0
1134517,2014-09-30,41,EGGS,82.0,0
1886997,2015-11-27,54,MEATS,61.823,0
2378409,2016-08-30,43,AUTOMOTIVE,5.0,0
1095220,2014-09-08,39,HOME AND KITCHEN II,13.0,0
299908,2013-06-18,24,BOOKS,0.0,0
2618615,2017-01-13,32,SEAFOOD,1.0,0
1373595,2015-02-12,5,BEVERAGES,805.0,1
1688791,2015-08-08,43,HOME AND KITCHEN II,30.0,0
689415,2014-01-23,52,GROCERY I,0.0,0
141689,2013-03-21,34,LAWN AND GARDEN,0.0,0
2993595,2017-08-11,54,AUTOMOTIVE,11.0,0
649582,2014-01-01,35,EGGS,0.0,0
2588591,2016-12-27,40,BREAD/BAKERY,363.0,2
1590009,2015-06-14,22,BEVERAGES,0.0,0
1798316,2015-10-09,17,HARDWARE,0.0,0
807004,2014-03-30,51,"LIQUOR,WINE,BEER",0.0,0
571166,2013-11-17,35,BEAUTY,0.0,0
410950,2013-08-19,4,BABY CARE,0.0,0
968270,2014-06-29,27,HOME APPLIANCES,0.0,0
1598570,2015-06-19,12,HOME APPLIANCES,0.0,0
1539649,2015-05-17,1,BABY CARE,0.0,0
472416,2013-09-23,14,LINGERIE,4.0,0
2520297,2016-11-18,24,LINGERIE,9.0,0
2481076,2016-10-27,24,BOOKS,0.0,0
536970,2013-10-29,25,PLAYERS AND ELECTRONICS,0.0,0
2625390,2017-01-17,23,DELI,117.25,4
1050501,2014-08-14,34,GROCERY I,2996.587,15
1380672,2015-02-16,48,HOME CARE,0.0,0
971934,2014-07-01,3,HOME CARE,560.0,1
2763201,2017-04-04,4,GROCERY I,3569.0,41
1397004,2015-02-25,7,HOME AND KITCHEN I,4.0,0
673064,2014-01-14,43,PREPARED FOODS,63.0,0
224411,2013-05-06,6,FROZEN FOODS,172.959,0
2006281,2016-02-03,51,GROCERY II,30.0,0
1992413,2016-01-27,13,BREAD/BAKERY,85.0,0
2026855,2016-02-15,29,POULTRY,155.008,0
1558198,2015-05-27,3,BOOKS,0.0,0
2887246,2017-06-13,20,EGGS,66.0,2
935506,2014-06-10,8,"LIQUOR,WINE,BEER",143.0,0
2095220,2016-03-24,47,HOME APPLIANCES,0.0,0
1701528,2015-08-15,50,HOME AND KITCHEN I,45.0,0
427254,2013-08-28,47,BEVERAGES,2011.0,0
1104227,2014-09-13,41,HARDWARE,1.0,0
2471882,2016-10-22,16,HOME APPLIANCES,0.0,0
1719073,2015-08-25,43,BOOKS,0.0,0
2599681,2017-01-02,51,CLEANING,1766.0,23
359304,2013-07-21,40,AUTOMOTIVE,4.0,0
204086,2013-04-25,35,HARDWARE,0.0,0
268282,2013-05-31,36,PERSONAL CARE,206.0,0
2839872,2017-05-17,40,MEATS,132.08,0
2480913,2016-10-27,2,CELEBRATION,17.0,0
18478,2013-01-11,27,SCHOOL AND OFFICE SUPPLIES,0.0,0
